App,TestClass,TestFilePath,ProductionFilePath,RelativeTestFilePath,RelativeProductionFilePath,NumberOfMethods,Assertion Roulette,Conditional Test Logic,Constructor Initialization,Default Test,EmptyTest,Exception Catching Throwing,General Fixture,Mystery Guest,Print Statement,Redundant Assertion,Sensitive Equality,Verbose Test,Sleepy Test,Lazy Test,Duplicate Assert,Unknown Test,IgnoredTest,Resource Optimism,Magic Number Test,Dependent Test,Magic String Test,New Eager Test
1,UserTest.java,/mnt/c/Users/GIULIANO/Desktop/Tirocinio/Migliorato/TestSmellDetector/dataset/01/UserTest.java,/mnt/c/Users/GIULIANO/Desktop/Tirocinio/Migliorato/TestSmellDetector/dataset/01/User.java,,,3,TRUE,FALSE,FALSE,FALSE,FALSE,FALSE,FALSE,FALSE,FALSE,FALSE,FALSE,FALSE,FALSE,FALSE,FALSE,FALSE,FALSE,FALSE,FALSE,FALSE,TRUE,TRUE
2,CalculatorTest.java,/mnt/c/Users/GIULIANO/Desktop/Tirocinio/Migliorato/TestSmellDetector/dataset/02/CalculatorTest.java,/mnt/c/Users/GIULIANO/Desktop/Tirocinio/Migliorato/TestSmellDetector/dataset/02/Calculator.java,,,4,FALSE,FALSE,FALSE,FALSE,FALSE,FALSE,FALSE,FALSE,FALSE,FALSE,FALSE,FALSE,FALSE,FALSE,FALSE,FALSE,FALSE,FALSE,FALSE,FALSE,FALSE,TRUE
3,ByteChunkConverterTest.java,/mnt/c/Users/GIULIANO/Desktop/Tirocinio/Migliorato/TestSmellDetector/dataset/03/ByteChunkConverterTest.java,/mnt/c/Users/GIULIANO/Desktop/Tirocinio/Migliorato/TestSmellDetector/dataset/03/ByteChunkConverter.java,,,1,FALSE,FALSE,FALSE,FALSE,FALSE,FALSE,FALSE,FALSE,FALSE,FALSE,FALSE,FALSE,FALSE,FALSE,FALSE,FALSE,FALSE,FALSE,FALSE,FALSE,FALSE,FALSE
4,ChainedTypeConverterTest.java,/mnt/c/Users/GIULIANO/Desktop/Tirocinio/Migliorato/TestSmellDetector/dataset/04/ChainedTypeConverterTest.java,/mnt/c/Users/GIULIANO/Desktop/Tirocinio/Migliorato/TestSmellDetector/dataset/04/ChainedTypeConverter.java,,,1,FALSE,FALSE,FALSE,FALSE,FALSE,FALSE,FALSE,FALSE,FALSE,FALSE,FALSE,FALSE,FALSE,FALSE,FALSE,FALSE,FALSE,FALSE,FALSE,FALSE,FALSE,FALSE
5,CookieMapConverterTest.java,/mnt/c/Users/GIULIANO/Desktop/Tirocinio/Migliorato/TestSmellDetector/dataset/05/CookieMapConverterTest.java,/mnt/c/Users/GIULIANO/Desktop/Tirocinio/Migliorato/TestSmellDetector/dataset/05/CookieMapConverter.java,,,1,FALSE,FALSE,FALSE,FALSE,FALSE,FALSE,FALSE,FALSE,FALSE,FALSE,FALSE,FALSE,FALSE,FALSE,FALSE,FALSE,FALSE,FALSE,FALSE,FALSE,FALSE,TRUE
6,ParametersConverterTest.java,/mnt/c/Users/GIULIANO/Desktop/Tirocinio/Migliorato/TestSmellDetector/dataset/06/ParametersConverterTest.java,/mnt/c/Users/GIULIANO/Desktop/Tirocinio/Migliorato/TestSmellDetector/dataset/06/ParametersConverter.java,,,1,TRUE,FALSE,FALSE,FALSE,FALSE,FALSE,FALSE,FALSE,FALSE,FALSE,FALSE,FALSE,FALSE,FALSE,FALSE,FALSE,FALSE,FALSE,FALSE,FALSE,TRUE,FALSE
7,DepartmentServiceTest.java,/mnt/c/Users/GIULIANO/Desktop/Tirocinio/Migliorato/TestSmellDetector/dataset/07/DepartmentServiceTest.java,/mnt/c/Users/GIULIANO/Desktop/Tirocinio/Migliorato/TestSmellDetector/dataset/07/DepartmentService.java,,,1,FALSE,FALSE,FALSE,FALSE,FALSE,FALSE,FALSE,FALSE,FALSE,FALSE,FALSE,FALSE,FALSE,FALSE,FALSE,FALSE,FALSE,FALSE,FALSE,FALSE,FALSE,FALSE
8,AppointmentServiceTest.java,/mnt/c/Users/GIULIANO/Desktop/Tirocinio/Migliorato/TestSmellDetector/dataset/08/AppointmentServiceTest.java,/mnt/c/Users/GIULIANO/Desktop/Tirocinio/Migliorato/TestSmellDetector/dataset/08/AppointmentService.java,,,2,FALSE,FALSE,FALSE,FALSE,FALSE,FALSE,FALSE,FALSE,FALSE,FALSE,FALSE,FALSE,FALSE,FALSE,FALSE,FALSE,FALSE,FALSE,FALSE,FALSE,FALSE,TRUE
9,ContactServiceTest.java,/mnt/c/Users/GIULIANO/Desktop/Tirocinio/Migliorato/TestSmellDetector/dataset/09/ContactServiceTest.java,/mnt/c/Users/GIULIANO/Desktop/Tirocinio/Migliorato/TestSmellDetector/dataset/09/ContactService.java,,,3,FALSE,FALSE,FALSE,FALSE,FALSE,FALSE,FALSE,FALSE,FALSE,FALSE,FALSE,FALSE,FALSE,FALSE,FALSE,FALSE,FALSE,FALSE,FALSE,FALSE,FALSE,TRUE
10,AppTest.java,/mnt/c/Users/GIULIANO/Desktop/Tirocinio/Migliorato/TestSmellDetector/dataset/10/AppTest.java,/mnt/c/Users/GIULIANO/Desktop/Tirocinio/Migliorato/TestSmellDetector/dataset/10/App.java,,,1,FALSE,FALSE,FALSE,FALSE,FALSE,FALSE,FALSE,FALSE,FALSE,FALSE,FALSE,FALSE,FALSE,FALSE,FALSE,FALSE,FALSE,FALSE,TRUE,FALSE,FALSE,FALSE
11,HolidayServiceTest.java,/mnt/c/Users/GIULIANO/Desktop/Tirocinio/Migliorato/TestSmellDetector/dataset/11/HolidayServiceTest.java,/mnt/c/Users/GIULIANO/Desktop/Tirocinio/Migliorato/TestSmellDetector/dataset/11/HolidayService.java,,,1,FALSE,FALSE,FALSE,FALSE,FALSE,FALSE,FALSE,FALSE,FALSE,FALSE,FALSE,FALSE,FALSE,FALSE,FALSE,FALSE,FALSE,FALSE,TRUE,FALSE,TRUE,FALSE
12,CenovnikTest.java,/mnt/c/Users/GIULIANO/Desktop/Tirocinio/Migliorato/TestSmellDetector/dataset/12/CenovnikTest.java,/mnt/c/Users/GIULIANO/Desktop/Tirocinio/Migliorato/TestSmellDetector/dataset/12/Cenovnik.java,,,2,TRUE,FALSE,FALSE,FALSE,FALSE,FALSE,FALSE,FALSE,FALSE,FALSE,TRUE,FALSE,FALSE,FALSE,FALSE,FALSE,FALSE,FALSE,FALSE,FALSE,FALSE,FALSE
13,IznajmljivanjeTest.java,/mnt/c/Users/GIULIANO/Desktop/Tirocinio/Migliorato/TestSmellDetector/dataset/13/IznajmljivanjeTest.java,/mnt/c/Users/GIULIANO/Desktop/Tirocinio/Migliorato/TestSmellDetector/dataset/13/Iznajmljivanje.java,,,6,TRUE,FALSE,FALSE,FALSE,FALSE,FALSE,FALSE,FALSE,FALSE,FALSE,FALSE,FALSE,FALSE,FALSE,FALSE,FALSE,FALSE,FALSE,FALSE,FALSE,FALSE,FALSE
14,KorisnikTest.java,/mnt/c/Users/GIULIANO/Desktop/Tirocinio/Migliorato/TestSmellDetector/dataset/14/KorisnikTest.java,/mnt/c/Users/GIULIANO/Desktop/Tirocinio/Migliorato/TestSmellDetector/dataset/14/Korisnik.java,,,5,TRUE,FALSE,FALSE,FALSE,FALSE,FALSE,FALSE,FALSE,FALSE,FALSE,TRUE,FALSE,FALSE,FALSE,FALSE,FALSE,FALSE,FALSE,FALSE,FALSE,FALSE,FALSE
15,MestoTest.java,/mnt/c/Users/GIULIANO/Desktop/Tirocinio/Migliorato/TestSmellDetector/dataset/15/MestoTest.java,/mnt/c/Users/GIULIANO/Desktop/Tirocinio/Migliorato/TestSmellDetector/dataset/15/Mesto.java,,,9,FALSE,FALSE,FALSE,FALSE,FALSE,FALSE,FALSE,FALSE,FALSE,FALSE,TRUE,FALSE,FALSE,FALSE,FALSE,FALSE,FALSE,FALSE,FALSE,FALSE,TRUE,FALSE
16,RacunTest.java,/mnt/c/Users/GIULIANO/Desktop/Tirocinio/Migliorato/TestSmellDetector/dataset/16/RacunTest.java,/mnt/c/Users/GIULIANO/Desktop/Tirocinio/Migliorato/TestSmellDetector/dataset/16/Racun.java,,,6,FALSE,FALSE,FALSE,FALSE,FALSE,FALSE,FALSE,FALSE,FALSE,FALSE,FALSE,FALSE,FALSE,FALSE,FALSE,FALSE,FALSE,FALSE,TRUE,FALSE,FALSE,FALSE
17,MathUtilsTest.java,/mnt/c/Users/GIULIANO/Desktop/Tirocinio/Migliorato/TestSmellDetector/dataset/17/MathUtilsTest.java,/mnt/c/Users/GIULIANO/Desktop/Tirocinio/Migliorato/TestSmellDetector/dataset/17/MathUtils.java,,,2,TRUE,FALSE,FALSE,FALSE,FALSE,FALSE,FALSE,FALSE,FALSE,FALSE,FALSE,FALSE,FALSE,FALSE,FALSE,FALSE,FALSE,FALSE,TRUE,FALSE,FALSE,TRUE
18,ServiceTest.java,/mnt/c/Users/GIULIANO/Desktop/Tirocinio/Migliorato/TestSmellDetector/dataset/18/ServiceTest.java,/mnt/c/Users/GIULIANO/Desktop/Tirocinio/Migliorato/TestSmellDetector/dataset/18/Service.java,,,3,FALSE,FALSE,FALSE,FALSE,FALSE,FALSE,FALSE,FALSE,FALSE,FALSE,FALSE,FALSE,FALSE,FALSE,FALSE,FALSE,FALSE,FALSE,TRUE,FALSE,FALSE,FALSE
19,CompraTest.java,/mnt/c/Users/GIULIANO/Desktop/Tirocinio/Migliorato/TestSmellDetector/dataset/19/CompraTest.java,/mnt/c/Users/GIULIANO/Desktop/Tirocinio/Migliorato/TestSmellDetector/dataset/19/Compra.java,,,2,TRUE,FALSE,FALSE,FALSE,FALSE,FALSE,FALSE,FALSE,FALSE,FALSE,FALSE,FALSE,FALSE,FALSE,FALSE,FALSE,FALSE,FALSE,TRUE,FALSE,TRUE,FALSE
20,DataTest.java,/mnt/c/Users/GIULIANO/Desktop/Tirocinio/Migliorato/TestSmellDetector/dataset/20/DataTest.java,/mnt/c/Users/GIULIANO/Desktop/Tirocinio/Migliorato/TestSmellDetector/dataset/20/Data.java,,,2,TRUE,FALSE,FALSE,FALSE,FALSE,FALSE,FALSE,FALSE,FALSE,FALSE,FALSE,FALSE,FALSE,FALSE,FALSE,FALSE,FALSE,FALSE,TRUE,FALSE,TRUE,TRUE
21,JUnitDescuentoTest.java,/mnt/c/Users/GIULIANO/Desktop/Tirocinio/Migliorato/TestSmellDetector/dataset/21/JUnitDescuentoTest.java,/mnt/c/Users/GIULIANO/Desktop/Tirocinio/Migliorato/TestSmellDetector/dataset/21/JUnitDescuento.java,,,2,FALSE,FALSE,FALSE,FALSE,FALSE,FALSE,FALSE,FALSE,FALSE,FALSE,FALSE,FALSE,FALSE,FALSE,FALSE,FALSE,FALSE,FALSE,TRUE,FALSE,TRUE,FALSE
22,CurrencyTest.java,/mnt/c/Users/GIULIANO/Desktop/Tirocinio/Migliorato/TestSmellDetector/dataset/22/CurrencyTest.java,/mnt/c/Users/GIULIANO/Desktop/Tirocinio/Migliorato/TestSmellDetector/dataset/22/Currency.java,,,7,TRUE,FALSE,FALSE,FALSE,FALSE,FALSE,TRUE,FALSE,FALSE,FALSE,FALSE,FALSE,FALSE,FALSE,FALSE,FALSE,FALSE,FALSE,TRUE,FALSE,TRUE,TRUE
23,ExchangeRecordPairTest.java,/mnt/c/Users/GIULIANO/Desktop/Tirocinio/Migliorato/TestSmellDetector/dataset/23/ExchangeRecordPairTest.java,/mnt/c/Users/GIULIANO/Desktop/Tirocinio/Migliorato/TestSmellDetector/dataset/23/ExchangeRecordPair.java,,,2,TRUE,FALSE,FALSE,FALSE,FALSE,FALSE,FALSE,FALSE,FALSE,FALSE,FALSE,FALSE,FALSE,FALSE,FALSE,FALSE,FALSE,FALSE,FALSE,FALSE,TRUE,TRUE
25,ProcessorTest.java,/mnt/c/Users/GIULIANO/Desktop/Tirocinio/Migliorato/TestSmellDetector/dataset/25/ProcessorTest.java,/mnt/c/Users/GIULIANO/Desktop/Tirocinio/Migliorato/TestSmellDetector/dataset/25/Processor.java,,,2,TRUE,FALSE,FALSE,FALSE,FALSE,FALSE,FALSE,FALSE,FALSE,FALSE,FALSE,FALSE,FALSE,FALSE,FALSE,FALSE,FALSE,FALSE,FALSE,FALSE,FALSE,TRUE
26,ProcessorTest1.java,/mnt/c/Users/GIULIANO/Desktop/Tirocinio/Migliorato/TestSmellDetector/dataset/26/ProcessorTest1.java,/mnt/c/Users/GIULIANO/Desktop/Tirocinio/Migliorato/TestSmellDetector/dataset/26/Processor1.java,,,2,TRUE,FALSE,FALSE,FALSE,FALSE,FALSE,FALSE,FALSE,FALSE,FALSE,FALSE,FALSE,FALSE,FALSE,FALSE,FALSE,FALSE,FALSE,TRUE,FALSE,TRUE,TRUE
28,LeafTrieTest.java,/mnt/c/Users/GIULIANO/Desktop/Tirocinio/Migliorato/TestSmellDetector/dataset/28/LeafTrieTest.java,/mnt/c/Users/GIULIANO/Desktop/Tirocinio/Migliorato/TestSmellDetector/dataset/28/LeafTrie.java,,,6,FALSE,FALSE,FALSE,FALSE,FALSE,FALSE,TRUE,FALSE,FALSE,FALSE,FALSE,FALSE,FALSE,FALSE,FALSE,FALSE,FALSE,FALSE,TRUE,FALSE,FALSE,TRUE
29,NodeTrieTest.java,/mnt/c/Users/GIULIANO/Desktop/Tirocinio/Migliorato/TestSmellDetector/dataset/29/NodeTrieTest.java,/mnt/c/Users/GIULIANO/Desktop/Tirocinio/Migliorato/TestSmellDetector/dataset/29/NodeTrie.java,,,6,FALSE,FALSE,FALSE,FALSE,FALSE,FALSE,TRUE,FALSE,FALSE,FALSE,FALSE,FALSE,FALSE,FALSE,FALSE,FALSE,FALSE,FALSE,TRUE,FALSE,FALSE,TRUE
30,PointQuadtreeTest.java,/mnt/c/Users/GIULIANO/Desktop/Tirocinio/Migliorato/TestSmellDetector/dataset/30/PointQuadtreeTest.java,/mnt/c/Users/GIULIANO/Desktop/Tirocinio/Migliorato/TestSmellDetector/dataset/30/PointQuadtree.java,,,5,TRUE,FALSE,FALSE,FALSE,FALSE,FALSE,TRUE,FALSE,FALSE,FALSE,FALSE,FALSE,FALSE,FALSE,FALSE,FALSE,FALSE,FALSE,TRUE,FALSE,TRUE,TRUE
31,TrieTest.java,/mnt/c/Users/GIULIANO/Desktop/Tirocinio/Migliorato/TestSmellDetector/dataset/31/TrieTest.java,/mnt/c/Users/GIULIANO/Desktop/Tirocinio/Migliorato/TestSmellDetector/dataset/31/Trie.java,,,5,FALSE,FALSE,FALSE,FALSE,FALSE,FALSE,FALSE,FALSE,FALSE,FALSE,FALSE,FALSE,FALSE,FALSE,FALSE,FALSE,FALSE,FALSE,TRUE,FALSE,FALSE,FALSE
32,AppointmentTest.java,/mnt/c/Users/GIULIANO/Desktop/Tirocinio/Migliorato/TestSmellDetector/dataset/32/AppointmentTest.java,/mnt/c/Users/GIULIANO/Desktop/Tirocinio/Migliorato/TestSmellDetector/dataset/32/Appointment.java,,,2,FALSE,FALSE,FALSE,FALSE,FALSE,FALSE,TRUE,FALSE,FALSE,FALSE,FALSE,FALSE,FALSE,FALSE,FALSE,FALSE,FALSE,FALSE,FALSE,FALSE,FALSE,FALSE
33,ClientTest.java,/mnt/c/Users/GIULIANO/Desktop/Tirocinio/Migliorato/TestSmellDetector/dataset/33/ClientTest.java,/mnt/c/Users/GIULIANO/Desktop/Tirocinio/Migliorato/TestSmellDetector/dataset/33/Client.java,,,2,FALSE,FALSE,FALSE,FALSE,FALSE,FALSE,TRUE,FALSE,FALSE,FALSE,FALSE,FALSE,FALSE,FALSE,FALSE,FALSE,FALSE,FALSE,FALSE,FALSE,FALSE,FALSE
34,ProductRepositoryTest.java,/mnt/c/Users/GIULIANO/Desktop/Tirocinio/Migliorato/TestSmellDetector/dataset/34/ProductRepositoryTest.java,/mnt/c/Users/GIULIANO/Desktop/Tirocinio/Migliorato/TestSmellDetector/dataset/34/ProductRepository.java,,,1,FALSE,FALSE,FALSE,FALSE,FALSE,FALSE,FALSE,FALSE,FALSE,FALSE,FALSE,FALSE,FALSE,FALSE,FALSE,FALSE,FALSE,FALSE,FALSE,FALSE,TRUE,FALSE
35,AccountTest.java,/mnt/c/Users/GIULIANO/Desktop/Tirocinio/Migliorato/TestSmellDetector/dataset/35/AccountTest.java,/mnt/c/Users/GIULIANO/Desktop/Tirocinio/Migliorato/TestSmellDetector/dataset/35/Account.java,,,6,FALSE,FALSE,FALSE,FALSE,FALSE,FALSE,FALSE,FALSE,FALSE,FALSE,FALSE,FALSE,FALSE,FALSE,FALSE,FALSE,FALSE,FALSE,TRUE,FALSE,FALSE,FALSE
36,BankTest.java,/mnt/c/Users/GIULIANO/Desktop/Tirocinio/Migliorato/TestSmellDetector/dataset/36/BankTest.java,/mnt/c/Users/GIULIANO/Desktop/Tirocinio/Migliorato/TestSmellDetector/dataset/36/Bank.java,,,7,FALSE,FALSE,FALSE,FALSE,FALSE,FALSE,TRUE,FALSE,FALSE,FALSE,FALSE,FALSE,FALSE,FALSE,FALSE,FALSE,FALSE,FALSE,TRUE,FALSE,FALSE,TRUE
37,CommercialAccountTest.java,/mnt/c/Users/GIULIANO/Desktop/Tirocinio/Migliorato/TestSmellDetector/dataset/37/CommercialAccountTest.java,/mnt/c/Users/GIULIANO/Desktop/Tirocinio/Migliorato/TestSmellDetector/dataset/37/CommercialAccount.java,,,2,FALSE,FALSE,FALSE,FALSE,FALSE,FALSE,TRUE,FALSE,FALSE,FALSE,FALSE,FALSE,FALSE,FALSE,FALSE,FALSE,FALSE,FALSE,FALSE,FALSE,FALSE,FALSE
39,ConsumerAccountTest.java,/mnt/c/Users/GIULIANO/Desktop/Tirocinio/Migliorato/TestSmellDetector/dataset/39/ConsumerAccountTest.java,/mnt/c/Users/GIULIANO/Desktop/Tirocinio/Migliorato/TestSmellDetector/dataset/39/ConsumerAccount.java,,,6,TRUE,FALSE,FALSE,FALSE,FALSE,FALSE,FALSE,FALSE,FALSE,FALSE,FALSE,FALSE,FALSE,FALSE,FALSE,FALSE,FALSE,FALSE,TRUE,FALSE,FALSE,TRUE
40,TransactionTest.java,/mnt/c/Users/GIULIANO/Desktop/Tirocinio/Migliorato/TestSmellDetector/dataset/40/TransactionTest.java,/mnt/c/Users/GIULIANO/Desktop/Tirocinio/Migliorato/TestSmellDetector/dataset/40/Transaction.java,,,5,FALSE,FALSE,FALSE,FALSE,FALSE,FALSE,FALSE,FALSE,FALSE,FALSE,FALSE,FALSE,FALSE,FALSE,FALSE,FALSE,FALSE,FALSE,TRUE,FALSE,FALSE,FALSE
41,BackNavigationStringMatchingAlgorithmTest.java,/mnt/c/Users/GIULIANO/Desktop/Tirocinio/Migliorato/TestSmellDetector/dataset/41/BackNavigationStringMatchingAlgorithmTest.java,/mnt/c/Users/GIULIANO/Desktop/Tirocinio/Migliorato/TestSmellDetector/dataset/41/BackNavigationStringMatchingAlgorithm.java,,,5,FALSE,FALSE,FALSE,FALSE,FALSE,FALSE,FALSE,FALSE,FALSE,FALSE,FALSE,FALSE,FALSE,FALSE,FALSE,FALSE,FALSE,FALSE,TRUE,FALSE,TRUE,FALSE
42,FacebookTest.java,/mnt/c/Users/GIULIANO/Desktop/Tirocinio/Migliorato/TestSmellDetector/dataset/42/FacebookTest.java,/mnt/c/Users/GIULIANO/Desktop/Tirocinio/Migliorato/TestSmellDetector/dataset/42/Facebook.java,,,4,FALSE,FALSE,FALSE,FALSE,FALSE,FALSE,FALSE,FALSE,FALSE,FALSE,FALSE,FALSE,FALSE,FALSE,FALSE,FALSE,FALSE,FALSE,FALSE,FALSE,FALSE,FALSE
43,CalendarTest.java,/mnt/c/Users/GIULIANO/Desktop/Tirocinio/Migliorato/TestSmellDetector/dataset/43/CalendarTest.java,/mnt/c/Users/GIULIANO/Desktop/Tirocinio/Migliorato/TestSmellDetector/dataset/43/Calendar.java,,,8,TRUE,FALSE,FALSE,FALSE,FALSE,FALSE,FALSE,FALSE,FALSE,FALSE,FALSE,FALSE,FALSE,FALSE,FALSE,FALSE,FALSE,FALSE,TRUE,FALSE,TRUE,TRUE
44,CalendarModelTest.java,/mnt/c/Users/GIULIANO/Desktop/Tirocinio/Migliorato/TestSmellDetector/dataset/44/CalendarModelTest.java,/mnt/c/Users/GIULIANO/Desktop/Tirocinio/Migliorato/TestSmellDetector/dataset/44/CalendarModel.java,,,8,TRUE,FALSE,FALSE,FALSE,FALSE,FALSE,FALSE,FALSE,FALSE,FALSE,FALSE,FALSE,FALSE,FALSE,FALSE,FALSE,FALSE,FALSE,TRUE,FALSE,TRUE,FALSE
45,CalendarEventTest.java,/mnt/c/Users/GIULIANO/Desktop/Tirocinio/Migliorato/TestSmellDetector/dataset/45/CalendarEventTest.java,/mnt/c/Users/GIULIANO/Desktop/Tirocinio/Migliorato/TestSmellDetector/dataset/45/CalendarEvent.java,,,5,TRUE,FALSE,FALSE,FALSE,FALSE,FALSE,FALSE,FALSE,FALSE,FALSE,FALSE,FALSE,FALSE,FALSE,FALSE,FALSE,FALSE,FALSE,TRUE,FALSE,TRUE,FALSE
46,ConsoleViewTest.java,/mnt/c/Users/GIULIANO/Desktop/Tirocinio/Migliorato/TestSmellDetector/dataset/46/ConsoleViewTest.java,/mnt/c/Users/GIULIANO/Desktop/Tirocinio/Migliorato/TestSmellDetector/dataset/46/ConsoleView.java,,,3,FALSE,FALSE,FALSE,FALSE,FALSE,FALSE,FALSE,FALSE,FALSE,FALSE,TRUE,FALSE,FALSE,FALSE,FALSE,FALSE,FALSE,FALSE,FALSE,FALSE,FALSE,FALSE
47,ViewFactoryTest.java,/mnt/c/Users/GIULIANO/Desktop/Tirocinio/Migliorato/TestSmellDetector/dataset/47/ViewFactoryTest.java,/mnt/c/Users/GIULIANO/Desktop/Tirocinio/Migliorato/TestSmellDetector/dataset/47/ViewFactory.java,,,4,FALSE,FALSE,FALSE,FALSE,FALSE,FALSE,TRUE,FALSE,FALSE,FALSE,FALSE,FALSE,FALSE,FALSE,FALSE,FALSE,FALSE,FALSE,FALSE,FALSE,FALSE,FALSE
48,UserProfileTest.java,/mnt/c/Users/GIULIANO/Desktop/Tirocinio/Migliorato/TestSmellDetector/dataset/48/UserProfileTest.java,/mnt/c/Users/GIULIANO/Desktop/Tirocinio/Migliorato/TestSmellDetector/dataset/48/UserProfile.java,,,8,TRUE,FALSE,FALSE,FALSE,FALSE,FALSE,TRUE,FALSE,FALSE,FALSE,TRUE,FALSE,FALSE,FALSE,FALSE,FALSE,FALSE,FALSE,TRUE,FALSE,TRUE,FALSE
49,SocialNetworkAndControllerTest.java,/mnt/c/Users/GIULIANO/Desktop/Tirocinio/Migliorato/TestSmellDetector/dataset/49/SocialNetworkAndControllerTest.java,/mnt/c/Users/GIULIANO/Desktop/Tirocinio/Migliorato/TestSmellDetector/dataset/49/SocialNetworkAndController.java,,,8,TRUE,FALSE,FALSE,FALSE,FALSE,FALSE,FALSE,FALSE,FALSE,FALSE,TRUE,FALSE,FALSE,FALSE,FALSE,FALSE,FALSE,FALSE,TRUE,FALSE,TRUE,FALSE
50,ProfileFactoryTest.java,/mnt/c/Users/GIULIANO/Desktop/Tirocinio/Migliorato/TestSmellDetector/dataset/50/ProfileFactoryTest.java,/mnt/c/Users/GIULIANO/Desktop/Tirocinio/Migliorato/TestSmellDetector/dataset/50/ProfileFactory.java,,,3,TRUE,FALSE,FALSE,FALSE,FALSE,FALSE,FALSE,FALSE,FALSE,FALSE,FALSE,FALSE,FALSE,FALSE,FALSE,FALSE,FALSE,FALSE,TRUE,FALSE,TRUE,FALSE
51,OrganizationProfileTest.java,/mnt/c/Users/GIULIANO/Desktop/Tirocinio/Migliorato/TestSmellDetector/dataset/51/OrganizationProfileTest.java,/mnt/c/Users/GIULIANO/Desktop/Tirocinio/Migliorato/TestSmellDetector/dataset/51/OrganizationProfile.java,,,8,TRUE,FALSE,FALSE,FALSE,FALSE,FALSE,TRUE,FALSE,FALSE,FALSE,TRUE,FALSE,FALSE,FALSE,FALSE,FALSE,FALSE,FALSE,TRUE,FALSE,TRUE,FALSE
52,JsonProcessorTest.java,/mnt/c/Users/GIULIANO/Desktop/Tirocinio/Migliorato/TestSmellDetector/dataset/52/JsonProcessorTest.java,/mnt/c/Users/GIULIANO/Desktop/Tirocinio/Migliorato/TestSmellDetector/dataset/52/JsonProcessor.java,,,1,TRUE,FALSE,FALSE,FALSE,FALSE,FALSE,FALSE,FALSE,FALSE,FALSE,FALSE,FALSE,FALSE,FALSE,FALSE,FALSE,FALSE,FALSE,TRUE,FALSE,TRUE,FALSE
53,HotelReviewServiceTest.java,/mnt/c/Users/GIULIANO/Desktop/Tirocinio/Migliorato/TestSmellDetector/dataset/53/HotelReviewServiceTest.java,/mnt/c/Users/GIULIANO/Desktop/Tirocinio/Migliorato/TestSmellDetector/dataset/53/HotelReviewService.java,,,3,TRUE,FALSE,FALSE,FALSE,FALSE,FALSE,FALSE,FALSE,FALSE,FALSE,FALSE,FALSE,FALSE,FALSE,FALSE,FALSE,FALSE,FALSE,FALSE,FALSE,TRUE,TRUE
54,JdbcUserDaoTest.java,/mnt/c/Users/GIULIANO/Desktop/Tirocinio/Migliorato/TestSmellDetector/dataset/54/JdbcUserDaoTest.java,/mnt/c/Users/GIULIANO/Desktop/Tirocinio/Migliorato/TestSmellDetector/dataset/54/JdbcUserDao.java,,,3,TRUE,FALSE,FALSE,FALSE,FALSE,FALSE,FALSE,FALSE,FALSE,FALSE,FALSE,FALSE,FALSE,FALSE,FALSE,FALSE,FALSE,FALSE,TRUE,TRUE,FALSE,TRUE
55,MenuTest.java,/mnt/c/Users/GIULIANO/Desktop/Tirocinio/Migliorato/TestSmellDetector/dataset/55/MenuTest.java,/mnt/c/Users/GIULIANO/Desktop/Tirocinio/Migliorato/TestSmellDetector/dataset/55/Menu.java,,,6,FALSE,FALSE,FALSE,FALSE,FALSE,FALSE,TRUE,FALSE,FALSE,FALSE,TRUE,FALSE,FALSE,FALSE,FALSE,FALSE,FALSE,FALSE,FALSE,FALSE,FALSE,FALSE
56,MoneyBoxTest.java,/mnt/c/Users/GIULIANO/Desktop/Tirocinio/Migliorato/TestSmellDetector/dataset/56/MoneyBoxTest.java,/mnt/c/Users/GIULIANO/Desktop/Tirocinio/Migliorato/TestSmellDetector/dataset/56/MoneyBox.java,,,6,FALSE,FALSE,FALSE,FALSE,FALSE,FALSE,FALSE,FALSE,FALSE,FALSE,FALSE,FALSE,FALSE,FALSE,FALSE,FALSE,FALSE,FALSE,TRUE,FALSE,FALSE,FALSE
57,SnackInputTest.java,/mnt/c/Users/GIULIANO/Desktop/Tirocinio/Migliorato/TestSmellDetector/dataset/57/SnackInputTest.java,/mnt/c/Users/GIULIANO/Desktop/Tirocinio/Migliorato/TestSmellDetector/dataset/57/SnackInput.java,,,1,TRUE,FALSE,FALSE,FALSE,FALSE,FALSE,FALSE,FALSE,FALSE,FALSE,FALSE,FALSE,FALSE,FALSE,FALSE,FALSE,FALSE,FALSE,TRUE,FALSE,TRUE,FALSE
58,VendableSoundTest.java,/mnt/c/Users/GIULIANO/Desktop/Tirocinio/Migliorato/TestSmellDetector/dataset/58/VendableSoundTest.java,/mnt/c/Users/GIULIANO/Desktop/Tirocinio/Migliorato/TestSmellDetector/dataset/58/VendableSound.java,,,1,TRUE,FALSE,FALSE,FALSE,FALSE,FALSE,FALSE,FALSE,FALSE,FALSE,FALSE,FALSE,FALSE,FALSE,FALSE,FALSE,FALSE,FALSE,TRUE,FALSE,TRUE,FALSE
59,EmployeeServiceImplTest.java,/mnt/c/Users/GIULIANO/Desktop/Tirocinio/Migliorato/TestSmellDetector/dataset/59/EmployeeServiceImplTest.java,/mnt/c/Users/GIULIANO/Desktop/Tirocinio/Migliorato/TestSmellDetector/dataset/59/EmployeeServiceImpl.java,,,4,TRUE,FALSE,FALSE,FALSE,FALSE,FALSE,FALSE,FALSE,FALSE,FALSE,FALSE,FALSE,FALSE,FALSE,FALSE,FALSE,FALSE,FALSE,TRUE,FALSE,TRUE,FALSE
60,TodoServiceTest.java,/mnt/c/Users/GIULIANO/Desktop/Tirocinio/Migliorato/TestSmellDetector/dataset/60/TodoServiceTest.java,/mnt/c/Users/GIULIANO/Desktop/Tirocinio/Migliorato/TestSmellDetector/dataset/60/TodoService.java,,,3,TRUE,FALSE,FALSE,FALSE,FALSE,FALSE,FALSE,FALSE,FALSE,FALSE,FALSE,FALSE,FALSE,FALSE,FALSE,FALSE,FALSE,FALSE,TRUE,FALSE,FALSE,FALSE
61,TodoRepositoryTest.java,/mnt/c/Users/GIULIANO/Desktop/Tirocinio/Migliorato/TestSmellDetector/dataset/61/TodoRepositoryTest.java,/mnt/c/Users/GIULIANO/Desktop/Tirocinio/Migliorato/TestSmellDetector/dataset/61/TodoRepository.java,,,1,TRUE,FALSE,FALSE,FALSE,FALSE,FALSE,FALSE,FALSE,FALSE,FALSE,FALSE,FALSE,FALSE,FALSE,FALSE,FALSE,FALSE,FALSE,TRUE,FALSE,FALSE,FALSE
62,UsuarioTest.java,/mnt/c/Users/GIULIANO/Desktop/Tirocinio/Migliorato/TestSmellDetector/dataset/62/UsuarioTest.java,/mnt/c/Users/GIULIANO/Desktop/Tirocinio/Migliorato/TestSmellDetector/dataset/62/Usuario.java,,,2,TRUE,FALSE,FALSE,FALSE,FALSE,FALSE,FALSE,FALSE,FALSE,FALSE,FALSE,FALSE,FALSE,FALSE,FALSE,FALSE,FALSE,FALSE,FALSE,FALSE,TRUE,FALSE
63,CalculadoraTest.java,/mnt/c/Users/GIULIANO/Desktop/Tirocinio/Migliorato/TestSmellDetector/dataset/63/CalculadoraTest.java,/mnt/c/Users/GIULIANO/Desktop/Tirocinio/Migliorato/TestSmellDetector/dataset/63/Calculadora.java,,,6,FALSE,FALSE,FALSE,FALSE,FALSE,FALSE,FALSE,FALSE,FALSE,FALSE,FALSE,FALSE,FALSE,FALSE,FALSE,FALSE,FALSE,FALSE,TRUE,FALSE,FALSE,FALSE
64,CalculoValorLocacaoTest.java,/mnt/c/Users/GIULIANO/Desktop/Tirocinio/Migliorato/TestSmellDetector/dataset/64/CalculoValorLocacaoTest.java,/mnt/c/Users/GIULIANO/Desktop/Tirocinio/Migliorato/TestSmellDetector/dataset/64/CalculoValorLocacao.java,,,1,FALSE,FALSE,FALSE,FALSE,FALSE,FALSE,FALSE,FALSE,FALSE,FALSE,FALSE,FALSE,FALSE,FALSE,FALSE,FALSE,FALSE,FALSE,FALSE,FALSE,FALSE,FALSE
65,LocacaoServiceTest.java,/mnt/c/Users/GIULIANO/Desktop/Tirocinio/Migliorato/TestSmellDetector/dataset/65/LocacaoServiceTest.java,/mnt/c/Users/GIULIANO/Desktop/Tirocinio/Migliorato/TestSmellDetector/dataset/65/LocacaoService.java,,,5,FALSE,FALSE,FALSE,FALSE,FALSE,FALSE,FALSE,FALSE,FALSE,FALSE,FALSE,FALSE,FALSE,FALSE,FALSE,FALSE,FALSE,FALSE,TRUE,FALSE,FALSE,FALSE
66,CashCardApplicationTest.java,/mnt/c/Users/GIULIANO/Desktop/Tirocinio/Migliorato/TestSmellDetector/dataset/66/CashCardApplicationTest.java,/mnt/c/Users/GIULIANO/Desktop/Tirocinio/Migliorato/TestSmellDetector/dataset/66/CashCardApplication.java,,,3,TRUE,FALSE,FALSE,FALSE,FALSE,FALSE,FALSE,FALSE,FALSE,FALSE,FALSE,FALSE,FALSE,FALSE,FALSE,FALSE,FALSE,FALSE,TRUE,FALSE,FALSE,FALSE
67,CashCardJsonTest.java,/mnt/c/Users/GIULIANO/Desktop/Tirocinio/Migliorato/TestSmellDetector/dataset/67/CashCardJsonTest.java,/mnt/c/Users/GIULIANO/Desktop/Tirocinio/Migliorato/TestSmellDetector/dataset/67/CashCardJson.java,,,2,TRUE,FALSE,FALSE,FALSE,FALSE,FALSE,FALSE,FALSE,FALSE,FALSE,FALSE,FALSE,FALSE,FALSE,FALSE,FALSE,FALSE,FALSE,TRUE,FALSE,TRUE,FALSE
68,LibraryTest.java,/mnt/c/Users/GIULIANO/Desktop/Tirocinio/Migliorato/TestSmellDetector/dataset/68/LibraryTest.java,/mnt/c/Users/GIULIANO/Desktop/Tirocinio/Migliorato/TestSmellDetector/dataset/68/Library.java,,,6,TRUE,FALSE,FALSE,FALSE,FALSE,FALSE,FALSE,FALSE,FALSE,FALSE,FALSE,FALSE,FALSE,FALSE,FALSE,FALSE,FALSE,FALSE,TRUE,FALSE,TRUE,TRUE
69,LoanApplicationTests.java,/mnt/c/Users/GIULIANO/Desktop/Tirocinio/Migliorato/TestSmellDetector/dataset/69/LoanTest.java,/mnt/c/Users/GIULIANO/Desktop/Tirocinio/Migliorato/TestSmellDetector/dataset/69/Loan.java,,,6,FALSE,FALSE,FALSE,FALSE,FALSE,FALSE,FALSE,FALSE,FALSE,FALSE,FALSE,FALSE,FALSE,FALSE,FALSE,FALSE,FALSE,FALSE,TRUE,FALSE,TRUE,FALSE
70,SomeBusinessImplTest.java,/mnt/c/Users/GIULIANO/Desktop/Tirocinio/Migliorato/TestSmellDetector/dataset/70/SomeBusinessImplTest.java,/mnt/c/Users/GIULIANO/Desktop/Tirocinio/Migliorato/TestSmellDetector/dataset/70/SomeBusinessImpl.java,,,5,FALSE,FALSE,FALSE,FALSE,FALSE,FALSE,FALSE,FALSE,FALSE,FALSE,FALSE,FALSE,FALSE,FALSE,FALSE,FALSE,FALSE,FALSE,FALSE,FALSE,FALSE,FALSE
71,ItemBusinessServiceTest.java,/mnt/c/Users/GIULIANO/Desktop/Tirocinio/Migliorato/TestSmellDetector/dataset/71/ItemBusinessServiceTest.java,/mnt/c/Users/GIULIANO/Desktop/Tirocinio/Migliorato/TestSmellDetector/dataset/71/ItemBusinessService.java,,,1,FALSE,FALSE,FALSE,FALSE,FALSE,FALSE,FALSE,FALSE,FALSE,FALSE,FALSE,FALSE,FALSE,FALSE,FALSE,FALSE,FALSE,FALSE,TRUE,FALSE,FALSE,FALSE
72,AccountManagerTest.java,/mnt/c/Users/GIULIANO/Desktop/Tirocinio/Migliorato/TestSmellDetector/dataset/72/AccountManagerTest.java,/mnt/c/Users/GIULIANO/Desktop/Tirocinio/Migliorato/TestSmellDetector/dataset/72/AccountManager.java,,,3,FALSE,FALSE,FALSE,FALSE,FALSE,FALSE,FALSE,FALSE,FALSE,FALSE,FALSE,FALSE,FALSE,FALSE,FALSE,FALSE,FALSE,FALSE,TRUE,FALSE,TRUE,TRUE
73,AccountTest.java,/mnt/c/Users/GIULIANO/Desktop/Tirocinio/Migliorato/TestSmellDetector/dataset/73/AccountTest.java,/mnt/c/Users/GIULIANO/Desktop/Tirocinio/Migliorato/TestSmellDetector/dataset/73/Account.java,,,3,TRUE,FALSE,FALSE,FALSE,FALSE,FALSE,FALSE,FALSE,FALSE,FALSE,FALSE,FALSE,FALSE,FALSE,FALSE,FALSE,FALSE,FALSE,TRUE,FALSE,TRUE,FALSE
74,BankDepositsTest.java,/mnt/c/Users/GIULIANO/Desktop/Tirocinio/Migliorato/TestSmellDetector/dataset/74/BankDepositsTest.java,/mnt/c/Users/GIULIANO/Desktop/Tirocinio/Migliorato/TestSmellDetector/dataset/74/BankDeposits.java,,,6,FALSE,FALSE,FALSE,FALSE,FALSE,FALSE,FALSE,FALSE,FALSE,FALSE,FALSE,FALSE,FALSE,FALSE,FALSE,FALSE,FALSE,FALSE,TRUE,FALSE,FALSE,FALSE
75,BankingAppTest.java,/mnt/c/Users/GIULIANO/Desktop/Tirocinio/Migliorato/TestSmellDetector/dataset/75/BankingAppTest.java,/mnt/c/Users/GIULIANO/Desktop/Tirocinio/Migliorato/TestSmellDetector/dataset/75/BankingApp.java,,,1,TRUE,FALSE,FALSE,FALSE,FALSE,FALSE,FALSE,FALSE,FALSE,FALSE,FALSE,FALSE,FALSE,FALSE,FALSE,FALSE,FALSE,FALSE,FALSE,FALSE,FALSE,FALSE
76,LoanManagerTest.java,/mnt/c/Users/GIULIANO/Desktop/Tirocinio/Migliorato/TestSmellDetector/dataset/76/LoanManagerTest.java,/mnt/c/Users/GIULIANO/Desktop/Tirocinio/Migliorato/TestSmellDetector/dataset/76/LoanManager.java,,,4,FALSE,FALSE,FALSE,FALSE,FALSE,FALSE,TRUE,FALSE,FALSE,FALSE,FALSE,FALSE,FALSE,FALSE,FALSE,FALSE,FALSE,FALSE,TRUE,FALSE,FALSE,FALSE
77,ItemDaoDBImplTest.java,/mnt/c/Users/GIULIANO/Desktop/Tirocinio/Migliorato/TestSmellDetector/dataset/77/ItemDaoDBImplTest.java,/mnt/c/Users/GIULIANO/Desktop/Tirocinio/Migliorato/TestSmellDetector/dataset/77/ItemDaoDBImpl.java,,,3,FALSE,FALSE,FALSE,FALSE,FALSE,FALSE,FALSE,FALSE,FALSE,FALSE,FALSE,FALSE,FALSE,FALSE,FALSE,FALSE,FALSE,FALSE,TRUE,FALSE,FALSE,FALSE
78,ItemDaoDBImpl2Test.java,/mnt/c/Users/GIULIANO/Desktop/Tirocinio/Migliorato/TestSmellDetector/dataset/78/ItemDaoDBImpl2Test.java,/mnt/c/Users/GIULIANO/Desktop/Tirocinio/Migliorato/TestSmellDetector/dataset/78/ItemDaoDBImpl2.java,,,6,FALSE,FALSE,FALSE,FALSE,FALSE,FALSE,FALSE,FALSE,FALSE,FALSE,FALSE,FALSE,FALSE,FALSE,FALSE,FALSE,FALSE,FALSE,TRUE,FALSE,FALSE,FALSE
79,UserTest.java,/mnt/c/Users/GIULIANO/Desktop/Tirocinio/Migliorato/TestSmellDetector/dataset/79/UserTest.java,/mnt/c/Users/GIULIANO/Desktop/Tirocinio/Migliorato/TestSmellDetector/dataset/79/User.java,,,11,FALSE,FALSE,FALSE,FALSE,FALSE,FALSE,FALSE,FALSE,FALSE,FALSE,FALSE,FALSE,FALSE,FALSE,FALSE,FALSE,FALSE,FALSE,FALSE,FALSE,FALSE,FALSE
80,ShoppingCartTest.java,/mnt/c/Users/GIULIANO/Desktop/Tirocinio/Migliorato/TestSmellDetector/dataset/80/ShoppingCartTest.java,/mnt/c/Users/GIULIANO/Desktop/Tirocinio/Migliorato/TestSmellDetector/dataset/80/ShoppingCart.java,,,6,FALSE,FALSE,FALSE,FALSE,FALSE,FALSE,FALSE,FALSE,FALSE,FALSE,FALSE,FALSE,FALSE,FALSE,FALSE,FALSE,FALSE,FALSE,FALSE,FALSE,FALSE,FALSE
81,ProductTest.java,/mnt/c/Users/GIULIANO/Desktop/Tirocinio/Migliorato/TestSmellDetector/dataset/81/ProductTest.java,/mnt/c/Users/GIULIANO/Desktop/Tirocinio/Migliorato/TestSmellDetector/dataset/81/Product.java,,,4,FALSE,FALSE,FALSE,FALSE,FALSE,FALSE,FALSE,FALSE,FALSE,FALSE,FALSE,FALSE,FALSE,FALSE,FALSE,FALSE,FALSE,FALSE,TRUE,FALSE,FALSE,FALSE
82,ProductDaoTest.java,/mnt/c/Users/GIULIANO/Desktop/Tirocinio/Migliorato/TestSmellDetector/dataset/82/ProductDaoTest.java,/mnt/c/Users/GIULIANO/Desktop/Tirocinio/Migliorato/TestSmellDetector/dataset/82/ProductDaoImpl.java,,,3,FALSE,FALSE,FALSE,FALSE,FALSE,FALSE,FALSE,FALSE,FALSE,FALSE,FALSE,FALSE,FALSE,FALSE,FALSE,FALSE,FALSE,FALSE,TRUE,FALSE,TRUE,FALSE
83,ShoppingCartDaoTest.java,/mnt/c/Users/GIULIANO/Desktop/Tirocinio/Migliorato/TestSmellDetector/dataset/83/ShoppingCartDaoTest.java,/mnt/c/Users/GIULIANO/Desktop/Tirocinio/Migliorato/TestSmellDetector/dataset/83/ShoppingCartDaoImpl.java,,,3,FALSE,FALSE,FALSE,FALSE,FALSE,FALSE,FALSE,FALSE,FALSE,FALSE,FALSE,FALSE,FALSE,FALSE,FALSE,FALSE,FALSE,FALSE,TRUE,FALSE,FALSE,FALSE
84,UserDaoTest.java,/mnt/c/Users/GIULIANO/Desktop/Tirocinio/Migliorato/TestSmellDetector/dataset/84/UserDaoTest.java,/mnt/c/Users/GIULIANO/Desktop/Tirocinio/Migliorato/TestSmellDetector/dataset/84/UserDaoImpl.java,,,4,FALSE,FALSE,FALSE,FALSE,FALSE,FALSE,FALSE,FALSE,FALSE,FALSE,FALSE,FALSE,FALSE,FALSE,FALSE,FALSE,FALSE,FALSE,TRUE,FALSE,TRUE,FALSE
85,BasketSplitterTest.java,/mnt/c/Users/GIULIANO/Desktop/Tirocinio/Migliorato/TestSmellDetector/dataset/85/BasketSplitterTest.java,/mnt/c/Users/GIULIANO/Desktop/Tirocinio/Migliorato/TestSmellDetector/dataset/85/BasketSplitter.java,,,1,TRUE,FALSE,FALSE,FALSE,FALSE,FALSE,FALSE,FALSE,FALSE,FALSE,FALSE,FALSE,FALSE,FALSE,FALSE,FALSE,FALSE,FALSE,TRUE,FALSE,TRUE,FALSE
86,HttpRequest06Test.java,/mnt/c/Users/GIULIANO/Desktop/Tirocinio/Migliorato/TestSmellDetector/dataset/86/HttpRequest06Test.java,/mnt/c/Users/GIULIANO/Desktop/Tirocinio/Migliorato/TestSmellDetector/dataset/86/HttpRequest.java,,,1,FALSE,FALSE,FALSE,FALSE,FALSE,FALSE,FALSE,FALSE,FALSE,FALSE,FALSE,FALSE,FALSE,FALSE,FALSE,FALSE,FALSE,FALSE,TRUE,FALSE,FALSE,FALSE
87,HttpRequest07Test.java,/mnt/c/Users/GIULIANO/Desktop/Tirocinio/Migliorato/TestSmellDetector/dataset/87/HttpRequest07Test.java,/mnt/c/Users/GIULIANO/Desktop/Tirocinio/Migliorato/TestSmellDetector/dataset/87/HttpRequest.java,,,1,FALSE,FALSE,FALSE,FALSE,FALSE,FALSE,FALSE,FALSE,FALSE,FALSE,FALSE,FALSE,FALSE,FALSE,FALSE,FALSE,FALSE,FALSE,TRUE,FALSE,FALSE,FALSE
88,HttpRequest08Test.java,/mnt/c/Users/GIULIANO/Desktop/Tirocinio/Migliorato/TestSmellDetector/dataset/88/HttpRequest08Test.java,/mnt/c/Users/GIULIANO/Desktop/Tirocinio/Migliorato/TestSmellDetector/dataset/88/HttpRequest.java,,,1,TRUE,FALSE,FALSE,FALSE,FALSE,FALSE,FALSE,FALSE,FALSE,FALSE,TRUE,FALSE,FALSE,FALSE,FALSE,FALSE,FALSE,FALSE,TRUE,FALSE,TRUE,FALSE
89,HttpRequest010Test.java,/mnt/c/Users/GIULIANO/Desktop/Tirocinio/Migliorato/TestSmellDetector/dataset/89/HttpRequest010Test.java,/mnt/c/Users/GIULIANO/Desktop/Tirocinio/Migliorato/TestSmellDetector/dataset/89/HttpRequest.java,,,1,TRUE,FALSE,FALSE,FALSE,FALSE,FALSE,FALSE,FALSE,FALSE,FALSE,FALSE,FALSE,FALSE,FALSE,FALSE,FALSE,FALSE,FALSE,TRUE,FALSE,FALSE,FALSE
90,WeightedDigraph00Test.java,/mnt/c/Users/GIULIANO/Desktop/Tirocinio/Migliorato/TestSmellDetector/dataset/90/WeightedDigraph00Test.java,/mnt/c/Users/GIULIANO/Desktop/Tirocinio/Migliorato/TestSmellDetector/dataset/90/WeightedDigraph.java,,,1,FALSE,FALSE,FALSE,FALSE,FALSE,FALSE,FALSE,FALSE,FALSE,FALSE,FALSE,FALSE,FALSE,FALSE,FALSE,FALSE,FALSE,FALSE,TRUE,FALSE,FALSE,FALSE
91,WeightedDigraph07Test.java,/mnt/c/Users/GIULIANO/Desktop/Tirocinio/Migliorato/TestSmellDetector/dataset/91/WeightedDigraph07Test.java,/mnt/c/Users/GIULIANO/Desktop/Tirocinio/Migliorato/TestSmellDetector/dataset/91/WeightedDigraph.java,,,1,FALSE,FALSE,FALSE,FALSE,FALSE,FALSE,FALSE,FALSE,FALSE,FALSE,FALSE,FALSE,FALSE,FALSE,FALSE,FALSE,FALSE,FALSE,FALSE,FALSE,FALSE,FALSE
92,Money03Test.java,/mnt/c/Users/GIULIANO/Desktop/Tirocinio/Migliorato/TestSmellDetector/dataset/92/Money03Test.java,/mnt/c/Users/GIULIANO/Desktop/Tirocinio/Migliorato/TestSmellDetector/dataset/92/Money.java,,,1,FALSE,FALSE,FALSE,FALSE,FALSE,FALSE,FALSE,FALSE,FALSE,FALSE,FALSE,FALSE,FALSE,FALSE,FALSE,FALSE,FALSE,FALSE,TRUE,FALSE,FALSE,FALSE
93,Money04Test.java,/mnt/c/Users/GIULIANO/Desktop/Tirocinio/Migliorato/TestSmellDetector/dataset/93/Money04Test.java,/mnt/c/Users/GIULIANO/Desktop/Tirocinio/Migliorato/TestSmellDetector/dataset/93/Money.java,,,1,FALSE,FALSE,FALSE,FALSE,FALSE,FALSE,FALSE,FALSE,FALSE,FALSE,FALSE,FALSE,FALSE,FALSE,FALSE,FALSE,FALSE,FALSE,TRUE,FALSE,FALSE,FALSE
94,Money14Test.java,/mnt/c/Users/GIULIANO/Desktop/Tirocinio/Migliorato/TestSmellDetector/dataset/94/Money14Test.java,/mnt/c/Users/GIULIANO/Desktop/Tirocinio/Migliorato/TestSmellDetector/dataset/94/Money.java,,,1,FALSE,FALSE,FALSE,FALSE,FALSE,FALSE,FALSE,FALSE,FALSE,FALSE,FALSE,FALSE,FALSE,FALSE,FALSE,FALSE,FALSE,FALSE,TRUE,FALSE,FALSE,FALSE
95,Money22Test.java,/mnt/c/Users/GIULIANO/Desktop/Tirocinio/Migliorato/TestSmellDetector/dataset/95/Money22Test.java,/mnt/c/Users/GIULIANO/Desktop/Tirocinio/Migliorato/TestSmellDetector/dataset/95/Money.java,,,1,FALSE,FALSE,FALSE,FALSE,FALSE,FALSE,FALSE,FALSE,FALSE,FALSE,TRUE,FALSE,FALSE,FALSE,FALSE,FALSE,FALSE,FALSE,FALSE,FALSE,TRUE,FALSE
96,Money24Test.java,/mnt/c/Users/GIULIANO/Desktop/Tirocinio/Migliorato/TestSmellDetector/dataset/96/Money24Test.java,/mnt/c/Users/GIULIANO/Desktop/Tirocinio/Migliorato/TestSmellDetector/dataset/96/Money.java,,,1,FALSE,FALSE,FALSE,FALSE,FALSE,FALSE,FALSE,FALSE,FALSE,FALSE,FALSE,FALSE,FALSE,FALSE,FALSE,FALSE,FALSE,FALSE,TRUE,FALSE,FALSE,FALSE
97,LRUCache00Test.java,/mnt/c/Users/GIULIANO/Desktop/Tirocinio/Migliorato/TestSmellDetector/dataset/97/LRUCache00Test.java,/mnt/c/Users/GIULIANO/Desktop/Tirocinio/Migliorato/TestSmellDetector/dataset/97/LRUCache.java,,,1,TRUE,FALSE,FALSE,FALSE,FALSE,FALSE,FALSE,FALSE,FALSE,FALSE,FALSE,FALSE,FALSE,FALSE,FALSE,FALSE,FALSE,FALSE,TRUE,FALSE,FALSE,TRUE
98,LRUCache02Test.java,/mnt/c/Users/GIULIANO/Desktop/Tirocinio/Migliorato/TestSmellDetector/dataset/98/LRUCache02Test.java,/mnt/c/Users/GIULIANO/Desktop/Tirocinio/Migliorato/TestSmellDetector/dataset/98/LRUCache.java,,,1,FALSE,FALSE,FALSE,FALSE,FALSE,FALSE,FALSE,FALSE,FALSE,FALSE,FALSE,FALSE,FALSE,FALSE,FALSE,FALSE,FALSE,FALSE,TRUE,FALSE,FALSE,FALSE
99,LRUCache05Test.java,/mnt/c/Users/GIULIANO/Desktop/Tirocinio/Migliorato/TestSmellDetector/dataset/99/LRUCache05Test.java,/mnt/c/Users/GIULIANO/Desktop/Tirocinio/Migliorato/TestSmellDetector/dataset/99/LRUCache.java,,,1,TRUE,FALSE,FALSE,FALSE,FALSE,FALSE,FALSE,FALSE,FALSE,FALSE,FALSE,FALSE,FALSE,FALSE,FALSE,FALSE,FALSE,FALSE,TRUE,FALSE,FALSE,FALSE
100,LRUCache06Test.java,/mnt/c/Users/GIULIANO/Desktop/Tirocinio/Migliorato/TestSmellDetector/dataset/100/LRUCache06Test.java,/mnt/c/Users/GIULIANO/Desktop/Tirocinio/Migliorato/TestSmellDetector/dataset/100/LRUCache.java,,,1,TRUE,FALSE,FALSE,FALSE,FALSE,FALSE,FALSE,FALSE,FALSE,FALSE,FALSE,FALSE,FALSE,FALSE,FALSE,FALSE,FALSE,FALSE,TRUE,FALSE,FALSE,FALSE
102,SnellTest.java,/mnt/c/Users/GIULIANO/Desktop/Tirocinio/Migliorato/TestSmellDetector/dataset/102/SnellTest.java,/mnt/c/Users/GIULIANO/Desktop/Tirocinio/Migliorato/TestSmellDetector/dataset/102/Snell.java,,,1,FALSE,FALSE,FALSE,FALSE,FALSE,FALSE,FALSE,FALSE,FALSE,FALSE,FALSE,FALSE,FALSE,FALSE,FALSE,FALSE,FALSE,FALSE,TRUE,FALSE,FALSE,FALSE
103,SnellTest1.java,/mnt/c/Users/GIULIANO/Desktop/Tirocinio/Migliorato/TestSmellDetector/dataset/103/ClassEquivalenceTest.java,/mnt/c/Users/GIULIANO/Desktop/Tirocinio/Migliorato/TestSmellDetector/dataset/103/Snell.java,,,1,TRUE,FALSE,FALSE,FALSE,FALSE,FALSE,FALSE,FALSE,FALSE,FALSE,FALSE,FALSE,FALSE,FALSE,FALSE,FALSE,FALSE,FALSE,TRUE,FALSE,FALSE,FALSE
104,PathTesting.java,/mnt/c/Users/GIULIANO/Desktop/Tirocinio/Migliorato/TestSmellDetector/dataset/104/PathTesting.java,/mnt/c/Users/GIULIANO/Desktop/Tirocinio/Migliorato/TestSmellDetector/dataset/104/Snell.java,,,1,TRUE,FALSE,FALSE,FALSE,FALSE,FALSE,FALSE,FALSE,FALSE,FALSE,FALSE,FALSE,FALSE,FALSE,FALSE,FALSE,FALSE,FALSE,TRUE,FALSE,FALSE,FALSE
105,PathTesting1.java,/mnt/c/Users/GIULIANO/Desktop/Tirocinio/Migliorato/TestSmellDetector/dataset/105/PathTesting.java,/mnt/c/Users/GIULIANO/Desktop/Tirocinio/Migliorato/TestSmellDetector/dataset/105/Snell.java,,,1,TRUE,FALSE,FALSE,FALSE,FALSE,FALSE,FALSE,FALSE,FALSE,FALSE,FALSE,FALSE,FALSE,FALSE,FALSE,FALSE,FALSE,FALSE,TRUE,FALSE,FALSE,FALSE
106,PathTesting2.java,/mnt/c/Users/GIULIANO/Desktop/Tirocinio/Migliorato/TestSmellDetector/dataset/106/PathTesting.java,/mnt/c/Users/GIULIANO/Desktop/Tirocinio/Migliorato/TestSmellDetector/dataset/106/Snell.java,,,1,TRUE,FALSE,FALSE,FALSE,FALSE,FALSE,FALSE,FALSE,FALSE,FALSE,FALSE,FALSE,FALSE,FALSE,FALSE,FALSE,FALSE,FALSE,TRUE,FALSE,FALSE,FALSE
107,PathTesting3.java,/mnt/c/Users/GIULIANO/Desktop/Tirocinio/Migliorato/TestSmellDetector/dataset/107/AlbedoTest.java,/mnt/c/Users/GIULIANO/Desktop/Tirocinio/Migliorato/TestSmellDetector/dataset/107/Albedo.java,,,1,TRUE,FALSE,FALSE,FALSE,FALSE,FALSE,FALSE,FALSE,FALSE,FALSE,FALSE,FALSE,FALSE,FALSE,FALSE,FALSE,FALSE,FALSE,TRUE,FALSE,FALSE,TRUE
108,PathTesting4.java,/mnt/c/Users/GIULIANO/Desktop/Tirocinio/Migliorato/TestSmellDetector/dataset/108/BoundaryValueTests.java,/mnt/c/Users/GIULIANO/Desktop/Tirocinio/Migliorato/TestSmellDetector/dataset/108/Snell.java,,,1,TRUE,FALSE,FALSE,FALSE,FALSE,FALSE,FALSE,FALSE,FALSE,FALSE,FALSE,FALSE,FALSE,FALSE,FALSE,FALSE,FALSE,FALSE,TRUE,FALSE,FALSE,TRUE
109,PathTesting5.java,/mnt/c/Users/GIULIANO/Desktop/Tirocinio/Migliorato/TestSmellDetector/dataset/109/BoundaryValueTests.java,/mnt/c/Users/GIULIANO/Desktop/Tirocinio/Migliorato/TestSmellDetector/dataset/109/Snell.java,,,1,TRUE,FALSE,FALSE,FALSE,FALSE,FALSE,FALSE,FALSE,FALSE,FALSE,FALSE,FALSE,FALSE,FALSE,FALSE,FALSE,FALSE,FALSE,TRUE,FALSE,FALSE,TRUE
110,PathTesting6.java,/mnt/c/Users/GIULIANO/Desktop/Tirocinio/Migliorato/TestSmellDetector/dataset/110/BoundaryValueTests.java,/mnt/c/Users/GIULIANO/Desktop/Tirocinio/Migliorato/TestSmellDetector/dataset/110/Snell.java,,,1,TRUE,FALSE,FALSE,FALSE,FALSE,FALSE,FALSE,FALSE,FALSE,FALSE,FALSE,FALSE,FALSE,FALSE,FALSE,FALSE,FALSE,FALSE,TRUE,FALSE,FALSE,TRUE
111,PathTesting7.java,/mnt/c/Users/GIULIANO/Desktop/Tirocinio/Migliorato/TestSmellDetector/dataset/111/DataFlowTest.java,/mnt/c/Users/GIULIANO/Desktop/Tirocinio/Migliorato/TestSmellDetector/dataset/111/DataFlow.java,,,1,TRUE,FALSE,FALSE,FALSE,FALSE,FALSE,FALSE,FALSE,FALSE,FALSE,FALSE,FALSE,FALSE,FALSE,FALSE,FALSE,FALSE,FALSE,TRUE,FALSE,FALSE,FALSE
112,PathTesting8.java,/mnt/c/Users/GIULIANO/Desktop/Tirocinio/Migliorato/TestSmellDetector/dataset/112/DataFlowTest.java,/mnt/c/Users/GIULIANO/Desktop/Tirocinio/Migliorato/TestSmellDetector/dataset/112/DataFlow.java,,,1,TRUE,FALSE,FALSE,FALSE,FALSE,FALSE,FALSE,FALSE,FALSE,FALSE,FALSE,FALSE,FALSE,FALSE,FALSE,FALSE,FALSE,FALSE,TRUE,FALSE,FALSE,FALSE
113,PathTesting9.java,/mnt/c/Users/GIULIANO/Desktop/Tirocinio/Migliorato/TestSmellDetector/dataset/113/IntensityTest.java,/mnt/c/Users/GIULIANO/Desktop/Tirocinio/Migliorato/TestSmellDetector/dataset/113/Intensity.java,,,1,TRUE,FALSE,FALSE,FALSE,FALSE,FALSE,FALSE,FALSE,FALSE,FALSE,FALSE,FALSE,FALSE,FALSE,FALSE,FALSE,FALSE,FALSE,TRUE,FALSE,FALSE,FALSE
114,SnellTest01.java,/mnt/c/Users/GIULIANO/Desktop/Tirocinio/Migliorato/TestSmellDetector/dataset/114/SnellTest.java,/mnt/c/Users/GIULIANO/Desktop/Tirocinio/Migliorato/TestSmellDetector/dataset/114/Snell.java,,,1,TRUE,FALSE,FALSE,FALSE,FALSE,FALSE,FALSE,FALSE,FALSE,FALSE,FALSE,FALSE,FALSE,FALSE,FALSE,FALSE,FALSE,FALSE,TRUE,FALSE,FALSE,TRUE
115,SnellTest02.java,/mnt/c/Users/GIULIANO/Desktop/Tirocinio/Migliorato/TestSmellDetector/dataset/115/SnellTest.java,/mnt/c/Users/GIULIANO/Desktop/Tirocinio/Migliorato/TestSmellDetector/dataset/115/Snell.java,,,1,TRUE,FALSE,FALSE,FALSE,FALSE,FALSE,FALSE,FALSE,FALSE,FALSE,FALSE,FALSE,FALSE,FALSE,FALSE,FALSE,FALSE,FALSE,TRUE,FALSE,TRUE,TRUE
116,SnellTest03.java,/mnt/c/Users/GIULIANO/Desktop/Tirocinio/Migliorato/TestSmellDetector/dataset/116/SnellTest.java,/mnt/c/Users/GIULIANO/Desktop/Tirocinio/Migliorato/TestSmellDetector/dataset/116/Snell.java,,,1,TRUE,FALSE,FALSE,FALSE,FALSE,FALSE,TRUE,FALSE,FALSE,FALSE,FALSE,FALSE,FALSE,FALSE,FALSE,FALSE,FALSE,FALSE,TRUE,FALSE,TRUE,TRUE
117,SnellTest04.java,/mnt/c/Users/GIULIANO/Desktop/Tirocinio/Migliorato/TestSmellDetector/dataset/117/SnellTest.java,/mnt/c/Users/GIULIANO/Desktop/Tirocinio/Migliorato/TestSmellDetector/dataset/117/Snell.java,,,1,TRUE,FALSE,FALSE,FALSE,FALSE,FALSE,FALSE,FALSE,FALSE,FALSE,FALSE,FALSE,FALSE,FALSE,FALSE,FALSE,FALSE,FALSE,TRUE,FALSE,TRUE,TRUE
118,SnellTest05.java,/mnt/c/Users/GIULIANO/Desktop/Tirocinio/Migliorato/TestSmellDetector/dataset/118/SnellTest.java,/mnt/c/Users/GIULIANO/Desktop/Tirocinio/Migliorato/TestSmellDetector/dataset/118/Snell.java,,,1,TRUE,FALSE,FALSE,FALSE,FALSE,FALSE,FALSE,FALSE,FALSE,FALSE,FALSE,FALSE,FALSE,FALSE,FALSE,FALSE,FALSE,FALSE,TRUE,FALSE,TRUE,TRUE
119,SnellTest06.java,/mnt/c/Users/GIULIANO/Desktop/Tirocinio/Migliorato/TestSmellDetector/dataset/119/SnellTest.java,/mnt/c/Users/GIULIANO/Desktop/Tirocinio/Migliorato/TestSmellDetector/dataset/119/Snell.java,,,1,TRUE,FALSE,FALSE,FALSE,FALSE,FALSE,FALSE,FALSE,FALSE,FALSE,FALSE,FALSE,FALSE,FALSE,FALSE,FALSE,FALSE,FALSE,TRUE,FALSE,TRUE,TRUE
120,SnellTest07.java,/mnt/c/Users/GIULIANO/Desktop/Tirocinio/Migliorato/TestSmellDetector/dataset/120/SnellTest.java,/mnt/c/Users/GIULIANO/Desktop/Tirocinio/Migliorato/TestSmellDetector/dataset/120/Snell.java,,,1,TRUE,FALSE,FALSE,FALSE,FALSE,FALSE,TRUE,FALSE,FALSE,FALSE,FALSE,FALSE,FALSE,FALSE,FALSE,FALSE,FALSE,FALSE,TRUE,FALSE,TRUE,TRUE
121,SnellTest08.java,/mnt/c/Users/GIULIANO/Desktop/Tirocinio/Migliorato/TestSmellDetector/dataset/121/SnellTest.java,/mnt/c/Users/GIULIANO/Desktop/Tirocinio/Migliorato/TestSmellDetector/dataset/121/Snell.java,,,1,TRUE,FALSE,FALSE,FALSE,FALSE,FALSE,TRUE,FALSE,FALSE,FALSE,FALSE,FALSE,FALSE,FALSE,FALSE,FALSE,FALSE,FALSE,TRUE,FALSE,TRUE,TRUE
122,SnellTest09.java,/mnt/c/Users/GIULIANO/Desktop/Tirocinio/Migliorato/TestSmellDetector/dataset/122/SnellTest.java,/mnt/c/Users/GIULIANO/Desktop/Tirocinio/Migliorato/TestSmellDetector/dataset/122/Snell.java,,,1,TRUE,FALSE,FALSE,FALSE,FALSE,FALSE,TRUE,FALSE,FALSE,FALSE,FALSE,FALSE,FALSE,FALSE,FALSE,FALSE,FALSE,FALSE,TRUE,FALSE,FALSE,TRUE
123,SnellTest10.java,/mnt/c/Users/GIULIANO/Desktop/Tirocinio/Migliorato/TestSmellDetector/dataset/123/SnellTest.java,/mnt/c/Users/GIULIANO/Desktop/Tirocinio/Migliorato/TestSmellDetector/dataset/123/Snell.java,,,1,TRUE,FALSE,FALSE,FALSE,FALSE,FALSE,TRUE,FALSE,FALSE,FALSE,FALSE,FALSE,FALSE,FALSE,FALSE,FALSE,FALSE,FALSE,TRUE,FALSE,TRUE,TRUE
124,SnellTest11.java,/mnt/c/Users/GIULIANO/Desktop/Tirocinio/Migliorato/TestSmellDetector/dataset/124/SnellTest.java,/mnt/c/Users/GIULIANO/Desktop/Tirocinio/Migliorato/TestSmellDetector/dataset/124/Snell.java,,,1,TRUE,FALSE,FALSE,FALSE,FALSE,FALSE,FALSE,FALSE,FALSE,FALSE,FALSE,FALSE,FALSE,FALSE,FALSE,FALSE,FALSE,FALSE,TRUE,FALSE,TRUE,TRUE
125,SnellTest12.java,/mnt/c/Users/GIULIANO/Desktop/Tirocinio/Migliorato/TestSmellDetector/dataset/125/SnellTest.java,/mnt/c/Users/GIULIANO/Desktop/Tirocinio/Migliorato/TestSmellDetector/dataset/125/Snell.java,,,1,FALSE,FALSE,FALSE,FALSE,FALSE,FALSE,FALSE,FALSE,FALSE,FALSE,FALSE,FALSE,FALSE,FALSE,FALSE,FALSE,FALSE,FALSE,FALSE,FALSE,TRUE,TRUE
126,SnellTest13.java,/mnt/c/Users/GIULIANO/Desktop/Tirocinio/Migliorato/TestSmellDetector/dataset/126/SnellTest.java,/mnt/c/Users/GIULIANO/Desktop/Tirocinio/Migliorato/TestSmellDetector/dataset/126/Snell.java,,,1,FALSE,FALSE,FALSE,FALSE,FALSE,FALSE,FALSE,FALSE,FALSE,FALSE,TRUE,FALSE,FALSE,FALSE,FALSE,FALSE,FALSE,FALSE,FALSE,FALSE,TRUE,FALSE
127,SnellTest14.java,/mnt/c/Users/GIULIANO/Desktop/Tirocinio/Migliorato/TestSmellDetector/dataset/127/SnellTest.java,/mnt/c/Users/GIULIANO/Desktop/Tirocinio/Migliorato/TestSmellDetector/dataset/127/Snell.java,,,1,FALSE,FALSE,FALSE,FALSE,FALSE,FALSE,FALSE,FALSE,FALSE,FALSE,TRUE,FALSE,FALSE,FALSE,FALSE,FALSE,FALSE,FALSE,FALSE,FALSE,TRUE,FALSE
128,SnellTest15.java,/mnt/c/Users/GIULIANO/Desktop/Tirocinio/Migliorato/TestSmellDetector/dataset/128/SnellTest.java,/mnt/c/Users/GIULIANO/Desktop/Tirocinio/Migliorato/TestSmellDetector/dataset/128/Snell.java,,,1,TRUE,FALSE,FALSE,FALSE,FALSE,FALSE,FALSE,FALSE,FALSE,FALSE,TRUE,FALSE,FALSE,FALSE,FALSE,FALSE,FALSE,FALSE,TRUE,FALSE,TRUE,FALSE
129,SnellTest16.java,/mnt/c/Users/GIULIANO/Desktop/Tirocinio/Migliorato/TestSmellDetector/dataset/129/SnellTest.java,/mnt/c/Users/GIULIANO/Desktop/Tirocinio/Migliorato/TestSmellDetector/dataset/129/Snell.java,,,1,FALSE,FALSE,FALSE,FALSE,FALSE,FALSE,FALSE,FALSE,FALSE,FALSE,TRUE,FALSE,FALSE,FALSE,FALSE,FALSE,FALSE,FALSE,FALSE,FALSE,TRUE,FALSE
130,SnellTest17.java,/mnt/c/Users/GIULIANO/Desktop/Tirocinio/Migliorato/TestSmellDetector/dataset/130/SnellTest.java,/mnt/c/Users/GIULIANO/Desktop/Tirocinio/Migliorato/TestSmellDetector/dataset/130/Snell.java,,,1,FALSE,FALSE,FALSE,FALSE,FALSE,FALSE,FALSE,FALSE,FALSE,FALSE,TRUE,FALSE,FALSE,FALSE,FALSE,FALSE,FALSE,FALSE,FALSE,FALSE,TRUE,FALSE
131,SnellTest18.java,/mnt/c/Users/GIULIANO/Desktop/Tirocinio/Migliorato/TestSmellDetector/dataset/131/SnellTest.java,/mnt/c/Users/GIULIANO/Desktop/Tirocinio/Migliorato/TestSmellDetector/dataset/131/Snell.java,,,1,FALSE,FALSE,FALSE,FALSE,FALSE,FALSE,FALSE,FALSE,FALSE,FALSE,TRUE,FALSE,FALSE,FALSE,FALSE,FALSE,FALSE,FALSE,FALSE,FALSE,TRUE,FALSE
132,SnellTest18.java,/mnt/c/Users/GIULIANO/Desktop/Tirocinio/Migliorato/TestSmellDetector/dataset/132/SnellTest.java,/mnt/c/Users/GIULIANO/Desktop/Tirocinio/Migliorato/TestSmellDetector/dataset/132/Snell.java,,,1,FALSE,FALSE,FALSE,FALSE,FALSE,FALSE,FALSE,FALSE,FALSE,FALSE,TRUE,FALSE,FALSE,FALSE,FALSE,FALSE,FALSE,FALSE,FALSE,FALSE,TRUE,FALSE
133,SnellTest19.java,/mnt/c/Users/GIULIANO/Desktop/Tirocinio/Migliorato/TestSmellDetector/dataset/133/SnellTest.java,/mnt/c/Users/GIULIANO/Desktop/Tirocinio/Migliorato/TestSmellDetector/dataset/133/Snell.java,,,1,FALSE,FALSE,FALSE,FALSE,FALSE,FALSE,FALSE,FALSE,FALSE,FALSE,TRUE,FALSE,FALSE,FALSE,FALSE,FALSE,FALSE,FALSE,FALSE,FALSE,TRUE,FALSE
134,SnellTest20.java,/mnt/c/Users/GIULIANO/Desktop/Tirocinio/Migliorato/TestSmellDetector/dataset/134/SnellTest.java,/mnt/c/Users/GIULIANO/Desktop/Tirocinio/Migliorato/TestSmellDetector/dataset/134/Snell.java,,,1,FALSE,FALSE,FALSE,FALSE,FALSE,FALSE,FALSE,FALSE,FALSE,FALSE,TRUE,FALSE,FALSE,FALSE,FALSE,FALSE,FALSE,FALSE,FALSE,FALSE,TRUE,FALSE
135,SnellTest21.java,/mnt/c/Users/GIULIANO/Desktop/Tirocinio/Migliorato/TestSmellDetector/dataset/135/SnellTest.java,/mnt/c/Users/GIULIANO/Desktop/Tirocinio/Migliorato/TestSmellDetector/dataset/135/Snell.java,,,1,TRUE,FALSE,FALSE,FALSE,FALSE,FALSE,FALSE,FALSE,FALSE,FALSE,TRUE,FALSE,FALSE,FALSE,FALSE,FALSE,FALSE,FALSE,FALSE,FALSE,TRUE,FALSE
136,SnellTest21.java,/mnt/c/Users/GIULIANO/Desktop/Tirocinio/Migliorato/TestSmellDetector/dataset/136/SnellTest.java,/mnt/c/Users/GIULIANO/Desktop/Tirocinio/Migliorato/TestSmellDetector/dataset/136/Snell.java,,,1,TRUE,FALSE,FALSE,FALSE,FALSE,FALSE,FALSE,FALSE,FALSE,FALSE,TRUE,FALSE,FALSE,FALSE,FALSE,FALSE,FALSE,FALSE,FALSE,FALSE,TRUE,FALSE
136,SnellTest22.java,/mnt/c/Users/GIULIANO/Desktop/Tirocinio/Migliorato/TestSmellDetector/dataset/136/SnellTest.java,/mnt/c/Users/GIULIANO/Desktop/Tirocinio/Migliorato/TestSmellDetector/dataset/136/Snell.java,,,1,TRUE,FALSE,FALSE,FALSE,FALSE,FALSE,FALSE,FALSE,FALSE,FALSE,TRUE,FALSE,FALSE,FALSE,FALSE,FALSE,FALSE,FALSE,FALSE,FALSE,TRUE,FALSE
137,SnellTest23.java,/mnt/c/Users/GIULIANO/Desktop/Tirocinio/Migliorato/TestSmellDetector/dataset/137/SnellTest.java,/mnt/c/Users/GIULIANO/Desktop/Tirocinio/Migliorato/TestSmellDetector/dataset/137/Snell.java,,,1,TRUE,FALSE,FALSE,FALSE,FALSE,FALSE,FALSE,FALSE,FALSE,FALSE,TRUE,FALSE,FALSE,FALSE,FALSE,FALSE,FALSE,FALSE,FALSE,FALSE,TRUE,FALSE
138,SnellTest24.java,/mnt/c/Users/GIULIANO/Desktop/Tirocinio/Migliorato/TestSmellDetector/dataset/138/SnellTest.java,/mnt/c/Users/GIULIANO/Desktop/Tirocinio/Migliorato/TestSmellDetector/dataset/138/Snell.java,,,1,FALSE,FALSE,FALSE,FALSE,FALSE,FALSE,FALSE,FALSE,FALSE,FALSE,TRUE,FALSE,FALSE,FALSE,FALSE,FALSE,FALSE,FALSE,FALSE,FALSE,FALSE,FALSE
139,SnellTest25.java,/mnt/c/Users/GIULIANO/Desktop/Tirocinio/Migliorato/TestSmellDetector/dataset/139/SnellTest.java,/mnt/c/Users/GIULIANO/Desktop/Tirocinio/Migliorato/TestSmellDetector/dataset/139/Snell.java,,,1,FALSE,FALSE,FALSE,FALSE,FALSE,FALSE,FALSE,FALSE,FALSE,FALSE,TRUE,FALSE,FALSE,FALSE,FALSE,FALSE,FALSE,FALSE,FALSE,FALSE,TRUE,FALSE
140,SnellTest26.java,/mnt/c/Users/GIULIANO/Desktop/Tirocinio/Migliorato/TestSmellDetector/dataset/140/SnellTest.java,/mnt/c/Users/GIULIANO/Desktop/Tirocinio/Migliorato/TestSmellDetector/dataset/140/Snell.java,,,1,FALSE,FALSE,FALSE,FALSE,FALSE,FALSE,FALSE,FALSE,FALSE,FALSE,TRUE,FALSE,FALSE,FALSE,FALSE,FALSE,FALSE,FALSE,TRUE,FALSE,FALSE,FALSE
141,SnellTest27.java,/mnt/c/Users/GIULIANO/Desktop/Tirocinio/Migliorato/TestSmellDetector/dataset/141/SnellTest.java,/mnt/c/Users/GIULIANO/Desktop/Tirocinio/Migliorato/TestSmellDetector/dataset/141/Snell.java,,,1,FALSE,FALSE,FALSE,FALSE,FALSE,FALSE,FALSE,FALSE,FALSE,FALSE,TRUE,FALSE,FALSE,FALSE,FALSE,FALSE,FALSE,FALSE,TRUE,FALSE,FALSE,FALSE
142,SnellTest28.java,/mnt/c/Users/GIULIANO/Desktop/Tirocinio/Migliorato/TestSmellDetector/dataset/142/SnellTest.java,/mnt/c/Users/GIULIANO/Desktop/Tirocinio/Migliorato/TestSmellDetector/dataset/142/Snell.java,,,1,FALSE,FALSE,FALSE,FALSE,FALSE,FALSE,FALSE,FALSE,FALSE,FALSE,TRUE,FALSE,FALSE,FALSE,FALSE,FALSE,FALSE,FALSE,TRUE,FALSE,FALSE,FALSE
143,SnellTest29.java,/mnt/c/Users/GIULIANO/Desktop/Tirocinio/Migliorato/TestSmellDetector/dataset/143/SnellTest.java,/mnt/c/Users/GIULIANO/Desktop/Tirocinio/Migliorato/TestSmellDetector/dataset/143/Snell.java,,,1,FALSE,FALSE,FALSE,FALSE,FALSE,FALSE,FALSE,FALSE,FALSE,FALSE,TRUE,FALSE,FALSE,FALSE,FALSE,FALSE,FALSE,FALSE,TRUE,FALSE,FALSE,FALSE
144,SnellTest30.java,/mnt/c/Users/GIULIANO/Desktop/Tirocinio/Migliorato/TestSmellDetector/dataset/144/SnellTest.java,/mnt/c/Users/GIULIANO/Desktop/Tirocinio/Migliorato/TestSmellDetector/dataset/144/Snell.java,,,1,FALSE,FALSE,FALSE,FALSE,FALSE,FALSE,FALSE,FALSE,FALSE,FALSE,TRUE,FALSE,FALSE,FALSE,FALSE,FALSE,FALSE,FALSE,TRUE,FALSE,FALSE,FALSE
145,SnellTest31.java,/mnt/c/Users/GIULIANO/Desktop/Tirocinio/Migliorato/TestSmellDetector/dataset/145/SnellTest.java,/mnt/c/Users/GIULIANO/Desktop/Tirocinio/Migliorato/TestSmellDetector/dataset/145/Snell.java,,,1,FALSE,FALSE,FALSE,FALSE,FALSE,FALSE,FALSE,FALSE,FALSE,FALSE,TRUE,FALSE,FALSE,FALSE,FALSE,FALSE,FALSE,FALSE,TRUE,FALSE,FALSE,FALSE
146,SnellTest32.java,/mnt/c/Users/GIULIANO/Desktop/Tirocinio/Migliorato/TestSmellDetector/dataset/146/SnellTest.java,/mnt/c/Users/GIULIANO/Desktop/Tirocinio/Migliorato/TestSmellDetector/dataset/146/Snell.java,,,1,FALSE,FALSE,FALSE,FALSE,FALSE,FALSE,FALSE,FALSE,FALSE,FALSE,TRUE,FALSE,FALSE,FALSE,FALSE,FALSE,FALSE,FALSE,TRUE,FALSE,FALSE,FALSE
147,SnellTest33.java,/mnt/c/Users/GIULIANO/Desktop/Tirocinio/Migliorato/TestSmellDetector/dataset/147/SnellTest.java,/mnt/c/Users/GIULIANO/Desktop/Tirocinio/Migliorato/TestSmellDetector/dataset/147/Snell.java,,,1,TRUE,FALSE,FALSE,FALSE,FALSE,FALSE,FALSE,FALSE,FALSE,FALSE,TRUE,FALSE,FALSE,FALSE,FALSE,FALSE,FALSE,FALSE,FALSE,FALSE,TRUE,FALSE
148,SnellTest34.java,/mnt/c/Users/GIULIANO/Desktop/Tirocinio/Migliorato/TestSmellDetector/dataset/148/SnellTest.java,/mnt/c/Users/GIULIANO/Desktop/Tirocinio/Migliorato/TestSmellDetector/dataset/148/Snell.java,,,1,FALSE,FALSE,FALSE,FALSE,FALSE,FALSE,FALSE,FALSE,FALSE,FALSE,TRUE,FALSE,FALSE,FALSE,FALSE,FALSE,FALSE,FALSE,FALSE,FALSE,TRUE,FALSE
149,SnellTest35.java,/mnt/c/Users/GIULIANO/Desktop/Tirocinio/Migliorato/TestSmellDetector/dataset/149/SnellTest.java,/mnt/c/Users/GIULIANO/Desktop/Tirocinio/Migliorato/TestSmellDetector/dataset/149/Snell.java,,,1,FALSE,FALSE,FALSE,FALSE,FALSE,FALSE,FALSE,FALSE,FALSE,FALSE,TRUE,FALSE,FALSE,FALSE,FALSE,FALSE,FALSE,FALSE,FALSE,FALSE,TRUE,FALSE
150,SnellTest36.java,/mnt/c/Users/GIULIANO/Desktop/Tirocinio/Migliorato/TestSmellDetector/dataset/150/SnellTest.java,/mnt/c/Users/GIULIANO/Desktop/Tirocinio/Migliorato/TestSmellDetector/dataset/150/Snell.java,,,1,FALSE,FALSE,FALSE,FALSE,FALSE,FALSE,FALSE,FALSE,FALSE,FALSE,TRUE,FALSE,FALSE,FALSE,FALSE,FALSE,FALSE,FALSE,FALSE,FALSE,TRUE,FALSE
151,SnellTest37.java,/mnt/c/Users/GIULIANO/Desktop/Tirocinio/Migliorato/TestSmellDetector/dataset/151/SnellTest.java,/mnt/c/Users/GIULIANO/Desktop/Tirocinio/Migliorato/TestSmellDetector/dataset/151/Snell.java,,,1,FALSE,FALSE,FALSE,FALSE,FALSE,FALSE,FALSE,FALSE,FALSE,FALSE,TRUE,FALSE,FALSE,FALSE,FALSE,FALSE,FALSE,FALSE,FALSE,FALSE,TRUE,FALSE
152,SnellTest38.java,/mnt/c/Users/GIULIANO/Desktop/Tirocinio/Migliorato/TestSmellDetector/dataset/152/SnellTest.java,/mnt/c/Users/GIULIANO/Desktop/Tirocinio/Migliorato/TestSmellDetector/dataset/152/Snell.java,,,1,FALSE,FALSE,FALSE,FALSE,FALSE,FALSE,FALSE,FALSE,FALSE,FALSE,TRUE,FALSE,FALSE,FALSE,FALSE,FALSE,FALSE,FALSE,FALSE,FALSE,TRUE,FALSE
153,SnellTest39.java,/mnt/c/Users/GIULIANO/Desktop/Tirocinio/Migliorato/TestSmellDetector/dataset/153/SnellTest.java,/mnt/c/Users/GIULIANO/Desktop/Tirocinio/Migliorato/TestSmellDetector/dataset/153/Snell.java,,,1,FALSE,FALSE,FALSE,FALSE,FALSE,FALSE,FALSE,FALSE,FALSE,FALSE,TRUE,FALSE,FALSE,FALSE,FALSE,FALSE,FALSE,FALSE,FALSE,FALSE,TRUE,FALSE
154,SnellTest40.java,/mnt/c/Users/GIULIANO/Desktop/Tirocinio/Migliorato/TestSmellDetector/dataset/154/SnellTest.java,/mnt/c/Users/GIULIANO/Desktop/Tirocinio/Migliorato/TestSmellDetector/dataset/154/Snell.java,,,1,FALSE,FALSE,FALSE,FALSE,FALSE,FALSE,FALSE,FALSE,FALSE,FALSE,TRUE,FALSE,FALSE,FALSE,FALSE,FALSE,FALSE,FALSE,FALSE,FALSE,TRUE,FALSE
155,SnellTest41.java,/mnt/c/Users/GIULIANO/Desktop/Tirocinio/Migliorato/TestSmellDetector/dataset/155/SnellTest.java,/mnt/c/Users/GIULIANO/Desktop/Tirocinio/Migliorato/TestSmellDetector/dataset/155/Snell.java,,,1,FALSE,FALSE,FALSE,FALSE,FALSE,FALSE,FALSE,FALSE,FALSE,FALSE,TRUE,FALSE,FALSE,FALSE,FALSE,FALSE,FALSE,FALSE,FALSE,FALSE,TRUE,FALSE
156,SnellTest42.java,/mnt/c/Users/GIULIANO/Desktop/Tirocinio/Migliorato/TestSmellDetector/dataset/156/SnellTest.java,/mnt/c/Users/GIULIANO/Desktop/Tirocinio/Migliorato/TestSmellDetector/dataset/156/Snell.java,,,1,FALSE,FALSE,FALSE,FALSE,FALSE,FALSE,FALSE,FALSE,FALSE,FALSE,TRUE,FALSE,FALSE,FALSE,FALSE,FALSE,FALSE,FALSE,FALSE,FALSE,TRUE,FALSE
157,SnellTest43.java,/mnt/c/Users/GIULIANO/Desktop/Tirocinio/Migliorato/TestSmellDetector/dataset/157/SnellTest.java,/mnt/c/Users/GIULIANO/Desktop/Tirocinio/Migliorato/TestSmellDetector/dataset/157/Snell.java,,,1,FALSE,FALSE,FALSE,FALSE,FALSE,FALSE,FALSE,FALSE,FALSE,FALSE,TRUE,FALSE,FALSE,FALSE,FALSE,FALSE,FALSE,FALSE,FALSE,FALSE,TRUE,FALSE
158,SnellTest44.java,/mnt/c/Users/GIULIANO/Desktop/Tirocinio/Migliorato/TestSmellDetector/dataset/158/SnellTest.java,/mnt/c/Users/GIULIANO/Desktop/Tirocinio/Migliorato/TestSmellDetector/dataset/158/Snell.java,,,1,FALSE,FALSE,FALSE,FALSE,FALSE,FALSE,FALSE,FALSE,FALSE,FALSE,TRUE,FALSE,FALSE,FALSE,FALSE,FALSE,FALSE,FALSE,FALSE,FALSE,TRUE,FALSE
158,SnellTest44.java,/mnt/c/Users/GIULIANO/Desktop/Tirocinio/Migliorato/TestSmellDetector/dataset/158/SnellTest.java,/mnt/c/Users/GIULIANO/Desktop/Tirocinio/Migliorato/TestSmellDetector/dataset/158/Snell.java,,,1,FALSE,FALSE,FALSE,FALSE,FALSE,FALSE,FALSE,FALSE,FALSE,FALSE,TRUE,FALSE,FALSE,FALSE,FALSE,FALSE,FALSE,FALSE,FALSE,FALSE,TRUE,FALSE
159,SnellTest45.java,/mnt/c/Users/GIULIANO/Desktop/Tirocinio/Migliorato/TestSmellDetector/dataset/159/SnellTest.java,/mnt/c/Users/GIULIANO/Desktop/Tirocinio/Migliorato/TestSmellDetector/dataset/159/Snell.java,,,1,FALSE,FALSE,FALSE,FALSE,FALSE,FALSE,FALSE,FALSE,FALSE,FALSE,TRUE,FALSE,FALSE,FALSE,FALSE,FALSE,FALSE,FALSE,FALSE,FALSE,TRUE,FALSE
160,SnellTest46.java,/mnt/c/Users/GIULIANO/Desktop/Tirocinio/Migliorato/TestSmellDetector/dataset/160/SnellTest.java,/mnt/c/Users/GIULIANO/Desktop/Tirocinio/Migliorato/TestSmellDetector/dataset/160/Snell.java,,,1,FALSE,FALSE,FALSE,FALSE,FALSE,FALSE,FALSE,FALSE,FALSE,FALSE,TRUE,FALSE,FALSE,FALSE,FALSE,FALSE,FALSE,FALSE,FALSE,FALSE,TRUE,FALSE
161,SnellTest46.java,/mnt/c/Users/GIULIANO/Desktop/Tirocinio/Migliorato/TestSmellDetector/dataset/161/SnellTest.java,/mnt/c/Users/GIULIANO/Desktop/Tirocinio/Migliorato/TestSmellDetector/dataset/161/Snell.java,,,1,FALSE,FALSE,FALSE,FALSE,FALSE,FALSE,FALSE,FALSE,FALSE,FALSE,TRUE,FALSE,FALSE,FALSE,FALSE,FALSE,FALSE,FALSE,FALSE,FALSE,FALSE,FALSE
162,SnellTest46.java,/mnt/c/Users/GIULIANO/Desktop/Tirocinio/Migliorato/TestSmellDetector/dataset/162/SnellTest.java,/mnt/c/Users/GIULIANO/Desktop/Tirocinio/Migliorato/TestSmellDetector/dataset/162/Snell.java,,,1,FALSE,FALSE,FALSE,FALSE,FALSE,FALSE,FALSE,FALSE,FALSE,FALSE,TRUE,FALSE,FALSE,FALSE,FALSE,FALSE,FALSE,FALSE,FALSE,FALSE,FALSE,FALSE
163,SnellTest46.java,/mnt/c/Users/GIULIANO/Desktop/Tirocinio/Migliorato/TestSmellDetector/dataset/163/SnellTest.java,/mnt/c/Users/GIULIANO/Desktop/Tirocinio/Migliorato/TestSmellDetector/dataset/163/Snell.java,,,1,FALSE,FALSE,FALSE,FALSE,FALSE,FALSE,FALSE,FALSE,FALSE,FALSE,TRUE,FALSE,FALSE,FALSE,FALSE,FALSE,FALSE,FALSE,FALSE,FALSE,FALSE,FALSE
164,SnellTest47.java,/mnt/c/Users/GIULIANO/Desktop/Tirocinio/Migliorato/TestSmellDetector/dataset/164/SnellTest.java,/mnt/c/Users/GIULIANO/Desktop/Tirocinio/Migliorato/TestSmellDetector/dataset/164/Snell.java,,,1,FALSE,FALSE,FALSE,FALSE,FALSE,FALSE,FALSE,FALSE,FALSE,FALSE,TRUE,FALSE,FALSE,FALSE,FALSE,FALSE,FALSE,FALSE,FALSE,FALSE,TRUE,FALSE
165,SnellTest48.java,/mnt/c/Users/GIULIANO/Desktop/Tirocinio/Migliorato/TestSmellDetector/dataset/165/SnellTest.java,/mnt/c/Users/GIULIANO/Desktop/Tirocinio/Migliorato/TestSmellDetector/dataset/165/Snell.java,,,1,TRUE,FALSE,FALSE,FALSE,FALSE,FALSE,TRUE,FALSE,FALSE,FALSE,FALSE,FALSE,FALSE,FALSE,FALSE,FALSE,FALSE,FALSE,TRUE,FALSE,FALSE,FALSE
166,SnellTest49.java,/mnt/c/Users/GIULIANO/Desktop/Tirocinio/Migliorato/TestSmellDetector/dataset/166/SnellTest.java,/mnt/c/Users/GIULIANO/Desktop/Tirocinio/Migliorato/TestSmellDetector/dataset/166/Snell.java,,,1,TRUE,FALSE,FALSE,FALSE,FALSE,FALSE,TRUE,FALSE,FALSE,FALSE,FALSE,FALSE,FALSE,FALSE,FALSE,FALSE,FALSE,FALSE,TRUE,FALSE,FALSE,FALSE
167,SnellTest50.java,/mnt/c/Users/GIULIANO/Desktop/Tirocinio/Migliorato/TestSmellDetector/dataset/167/SnellTest.java,/mnt/c/Users/GIULIANO/Desktop/Tirocinio/Migliorato/TestSmellDetector/dataset/167/Snell.java,,,1,FALSE,FALSE,FALSE,FALSE,FALSE,FALSE,FALSE,FALSE,FALSE,FALSE,FALSE,FALSE,FALSE,FALSE,FALSE,FALSE,FALSE,FALSE,FALSE,FALSE,FALSE,FALSE
168,SnellTest51.java,/mnt/c/Users/GIULIANO/Desktop/Tirocinio/Migliorato/TestSmellDetector/dataset/168/SnellTest.java,/mnt/c/Users/GIULIANO/Desktop/Tirocinio/Migliorato/TestSmellDetector/dataset/168/Snell.java,,,1,FALSE,FALSE,FALSE,FALSE,FALSE,FALSE,FALSE,FALSE,FALSE,FALSE,FALSE,FALSE,FALSE,FALSE,FALSE,FALSE,FALSE,FALSE,FALSE,FALSE,FALSE,FALSE
169,SnellTest52.java,/mnt/c/Users/GIULIANO/Desktop/Tirocinio/Migliorato/TestSmellDetector/dataset/169/SnellTest.java,/mnt/c/Users/GIULIANO/Desktop/Tirocinio/Migliorato/TestSmellDetector/dataset/169/Snell.java,,,1,FALSE,FALSE,FALSE,FALSE,FALSE,FALSE,FALSE,FALSE,FALSE,FALSE,FALSE,FALSE,FALSE,FALSE,FALSE,FALSE,FALSE,FALSE,FALSE,FALSE,FALSE,FALSE
170,SnellTest53.java,/mnt/c/Users/GIULIANO/Desktop/Tirocinio/Migliorato/TestSmellDetector/dataset/170/SnellTest.java,/mnt/c/Users/GIULIANO/Desktop/Tirocinio/Migliorato/TestSmellDetector/dataset/170/Snell.java,,,1,TRUE,FALSE,FALSE,FALSE,FALSE,FALSE,TRUE,FALSE,FALSE,FALSE,FALSE,FALSE,FALSE,FALSE,FALSE,FALSE,FALSE,FALSE,TRUE,FALSE,FALSE,TRUE
171,SnellTest54.java,/mnt/c/Users/GIULIANO/Desktop/Tirocinio/Migliorato/TestSmellDetector/dataset/171/SnellTest.java,/mnt/c/Users/GIULIANO/Desktop/Tirocinio/Migliorato/TestSmellDetector/dataset/171/Snell.java,,,1,TRUE,FALSE,FALSE,FALSE,FALSE,FALSE,TRUE,FALSE,FALSE,FALSE,FALSE,FALSE,FALSE,FALSE,FALSE,FALSE,FALSE,FALSE,TRUE,FALSE,FALSE,TRUE
172,SnellTest55.java,/mnt/c/Users/GIULIANO/Desktop/Tirocinio/Migliorato/TestSmellDetector/dataset/172/SnellTest.java,/mnt/c/Users/GIULIANO/Desktop/Tirocinio/Migliorato/TestSmellDetector/dataset/172/Snell.java,,,1,TRUE,FALSE,FALSE,FALSE,FALSE,FALSE,TRUE,FALSE,FALSE,FALSE,FALSE,FALSE,FALSE,FALSE,FALSE,FALSE,FALSE,FALSE,TRUE,FALSE,FALSE,TRUE
173,SnellTest55.java,/mnt/c/Users/GIULIANO/Desktop/Tirocinio/Migliorato/TestSmellDetector/dataset/173/SnellTest.java,/mnt/c/Users/GIULIANO/Desktop/Tirocinio/Migliorato/TestSmellDetector/dataset/173/Snell.java,,,1,TRUE,FALSE,FALSE,FALSE,FALSE,FALSE,TRUE,FALSE,FALSE,FALSE,FALSE,FALSE,FALSE,FALSE,FALSE,FALSE,FALSE,FALSE,TRUE,FALSE,FALSE,TRUE
174,SnellTest56.java,/mnt/c/Users/GIULIANO/Desktop/Tirocinio/Migliorato/TestSmellDetector/dataset/174/SnellTest.java,/mnt/c/Users/GIULIANO/Desktop/Tirocinio/Migliorato/TestSmellDetector/dataset/174/Snell.java,,,1,TRUE,FALSE,FALSE,FALSE,FALSE,FALSE,TRUE,FALSE,FALSE,FALSE,FALSE,FALSE,FALSE,FALSE,FALSE,FALSE,FALSE,FALSE,TRUE,FALSE,FALSE,TRUE
175,SnellTest57.java,/mnt/c/Users/GIULIANO/Desktop/Tirocinio/Migliorato/TestSmellDetector/dataset/175/SnellTest.java,/mnt/c/Users/GIULIANO/Desktop/Tirocinio/Migliorato/TestSmellDetector/dataset/175/Snell.java,,,1,TRUE,FALSE,FALSE,FALSE,FALSE,FALSE,TRUE,FALSE,FALSE,FALSE,TRUE,FALSE,FALSE,FALSE,FALSE,FALSE,FALSE,FALSE,TRUE,FALSE,FALSE,TRUE
176,SnellTest58.java,/mnt/c/Users/GIULIANO/Desktop/Tirocinio/Migliorato/TestSmellDetector/dataset/176/SnellTest.java,/mnt/c/Users/GIULIANO/Desktop/Tirocinio/Migliorato/TestSmellDetector/dataset/176/Snell.java,,,1,TRUE,FALSE,FALSE,FALSE,FALSE,FALSE,TRUE,FALSE,FALSE,FALSE,FALSE,FALSE,FALSE,FALSE,FALSE,FALSE,FALSE,FALSE,TRUE,FALSE,FALSE,TRUE
177,SnellTest59.java,/mnt/c/Users/GIULIANO/Desktop/Tirocinio/Migliorato/TestSmellDetector/dataset/177/SnellTest.java,/mnt/c/Users/GIULIANO/Desktop/Tirocinio/Migliorato/TestSmellDetector/dataset/177/Snell.java,,,1,TRUE,FALSE,FALSE,FALSE,FALSE,FALSE,TRUE,FALSE,FALSE,FALSE,FALSE,FALSE,FALSE,FALSE,FALSE,FALSE,FALSE,FALSE,TRUE,FALSE,FALSE,TRUE
178,SnellTest60.java,/mnt/c/Users/GIULIANO/Desktop/Tirocinio/Migliorato/TestSmellDetector/dataset/178/SnellTest.java,/mnt/c/Users/GIULIANO/Desktop/Tirocinio/Migliorato/TestSmellDetector/dataset/178/Snell.java,,,1,FALSE,FALSE,FALSE,FALSE,FALSE,FALSE,FALSE,FALSE,FALSE,FALSE,FALSE,FALSE,FALSE,FALSE,FALSE,FALSE,FALSE,FALSE,TRUE,FALSE,FALSE,FALSE
179,SnellTest61.java,/mnt/c/Users/GIULIANO/Desktop/Tirocinio/Migliorato/TestSmellDetector/dataset/179/SnellTest.java,/mnt/c/Users/GIULIANO/Desktop/Tirocinio/Migliorato/TestSmellDetector/dataset/179/Snell.java,,,1,TRUE,FALSE,FALSE,FALSE,FALSE,FALSE,TRUE,FALSE,FALSE,FALSE,FALSE,FALSE,FALSE,FALSE,FALSE,FALSE,FALSE,FALSE,TRUE,FALSE,FALSE,TRUE
180,SnellTest62.java,/mnt/c/Users/GIULIANO/Desktop/Tirocinio/Migliorato/TestSmellDetector/dataset/180/SnellTest.java,/mnt/c/Users/GIULIANO/Desktop/Tirocinio/Migliorato/TestSmellDetector/dataset/180/Snell.java,,,1,TRUE,FALSE,FALSE,FALSE,FALSE,FALSE,TRUE,FALSE,FALSE,FALSE,FALSE,FALSE,FALSE,FALSE,FALSE,FALSE,FALSE,FALSE,TRUE,FALSE,FALSE,FALSE
181,SnellTest63.java,/mnt/c/Users/GIULIANO/Desktop/Tirocinio/Migliorato/TestSmellDetector/dataset/181/SnellTest.java,/mnt/c/Users/GIULIANO/Desktop/Tirocinio/Migliorato/TestSmellDetector/dataset/181/Snell.java,,,1,FALSE,FALSE,FALSE,FALSE,FALSE,FALSE,FALSE,FALSE,FALSE,FALSE,FALSE,FALSE,FALSE,FALSE,FALSE,FALSE,FALSE,FALSE,TRUE,FALSE,FALSE,FALSE
182,SnellTest64.java,/mnt/c/Users/GIULIANO/Desktop/Tirocinio/Migliorato/TestSmellDetector/dataset/182/SnellTest.java,/mnt/c/Users/GIULIANO/Desktop/Tirocinio/Migliorato/TestSmellDetector/dataset/182/Snell.java,,,1,FALSE,FALSE,FALSE,FALSE,FALSE,FALSE,FALSE,FALSE,FALSE,FALSE,FALSE,FALSE,FALSE,FALSE,FALSE,FALSE,FALSE,FALSE,TRUE,FALSE,FALSE,TRUE
183,SnellTest65.java,/mnt/c/Users/GIULIANO/Desktop/Tirocinio/Migliorato/TestSmellDetector/dataset/183/SnellTest.java,/mnt/c/Users/GIULIANO/Desktop/Tirocinio/Migliorato/TestSmellDetector/dataset/183/Snell.java,,,1,TRUE,FALSE,FALSE,FALSE,FALSE,FALSE,FALSE,FALSE,FALSE,FALSE,FALSE,FALSE,FALSE,FALSE,FALSE,FALSE,FALSE,FALSE,TRUE,FALSE,FALSE,TRUE
184,SnellTest66.java,/mnt/c/Users/GIULIANO/Desktop/Tirocinio/Migliorato/TestSmellDetector/dataset/184/SnellTest.java,/mnt/c/Users/GIULIANO/Desktop/Tirocinio/Migliorato/TestSmellDetector/dataset/184/Snell.java,,,1,FALSE,FALSE,FALSE,FALSE,FALSE,FALSE,TRUE,FALSE,FALSE,FALSE,FALSE,FALSE,FALSE,FALSE,FALSE,FALSE,FALSE,FALSE,FALSE,FALSE,TRUE,TRUE
185,SnellTest67.java,/mnt/c/Users/GIULIANO/Desktop/Tirocinio/Migliorato/TestSmellDetector/dataset/185/SnellTest.java,/mnt/c/Users/GIULIANO/Desktop/Tirocinio/Migliorato/TestSmellDetector/dataset/185/Snell.java,,,1,FALSE,FALSE,FALSE,FALSE,FALSE,FALSE,TRUE,FALSE,FALSE,FALSE,FALSE,FALSE,FALSE,FALSE,FALSE,FALSE,FALSE,FALSE,TRUE,FALSE,FALSE,FALSE
186,SnellTest68.java,/mnt/c/Users/GIULIANO/Desktop/Tirocinio/Migliorato/TestSmellDetector/dataset/186/SnellTest.java,/mnt/c/Users/GIULIANO/Desktop/Tirocinio/Migliorato/TestSmellDetector/dataset/186/Snell.java,,,1,FALSE,FALSE,FALSE,FALSE,FALSE,FALSE,TRUE,FALSE,FALSE,FALSE,FALSE,FALSE,FALSE,FALSE,FALSE,FALSE,FALSE,FALSE,TRUE,FALSE,FALSE,TRUE
187,SnellTest68.java,/mnt/c/Users/GIULIANO/Desktop/Tirocinio/Migliorato/TestSmellDetector/dataset/187/SnellTest.java,/mnt/c/Users/GIULIANO/Desktop/Tirocinio/Migliorato/TestSmellDetector/dataset/187/Snell.java,,,1,FALSE,FALSE,FALSE,FALSE,FALSE,FALSE,TRUE,FALSE,FALSE,FALSE,FALSE,FALSE,FALSE,FALSE,FALSE,FALSE,FALSE,FALSE,FALSE,FALSE,FALSE,FALSE
188,SnellTest69.java,/mnt/c/Users/GIULIANO/Desktop/Tirocinio/Migliorato/TestSmellDetector/dataset/188/SnellTest.java,/mnt/c/Users/GIULIANO/Desktop/Tirocinio/Migliorato/TestSmellDetector/dataset/188/Snell.java,,,1,FALSE,FALSE,FALSE,FALSE,FALSE,FALSE,TRUE,FALSE,FALSE,FALSE,FALSE,FALSE,FALSE,FALSE,FALSE,FALSE,FALSE,FALSE,TRUE,FALSE,FALSE,TRUE
189,SnellTest70.java,/mnt/c/Users/GIULIANO/Desktop/Tirocinio/Migliorato/TestSmellDetector/dataset/189/SnellTest.java,/mnt/c/Users/GIULIANO/Desktop/Tirocinio/Migliorato/TestSmellDetector/dataset/189/Snell.java,,,1,FALSE,FALSE,FALSE,FALSE,FALSE,FALSE,FALSE,FALSE,FALSE,FALSE,FALSE,FALSE,FALSE,FALSE,FALSE,FALSE,FALSE,FALSE,TRUE,FALSE,FALSE,TRUE
190,SnellTest71.java,/mnt/c/Users/GIULIANO/Desktop/Tirocinio/Migliorato/TestSmellDetector/dataset/190/SnellTest.java,/mnt/c/Users/GIULIANO/Desktop/Tirocinio/Migliorato/TestSmellDetector/dataset/190/Snell.java,,,1,FALSE,FALSE,FALSE,FALSE,FALSE,FALSE,TRUE,FALSE,FALSE,FALSE,FALSE,FALSE,FALSE,FALSE,FALSE,FALSE,FALSE,FALSE,FALSE,FALSE,FALSE,FALSE
191,SnellTest72.java,/mnt/c/Users/GIULIANO/Desktop/Tirocinio/Migliorato/TestSmellDetector/dataset/191/SnellTest.java,/mnt/c/Users/GIULIANO/Desktop/Tirocinio/Migliorato/TestSmellDetector/dataset/191/Snell.java,,,1,FALSE,FALSE,FALSE,FALSE,FALSE,FALSE,TRUE,FALSE,FALSE,FALSE,FALSE,FALSE,FALSE,FALSE,FALSE,FALSE,FALSE,FALSE,TRUE,FALSE,TRUE,FALSE
192,SnellTest73.java,/mnt/c/Users/GIULIANO/Desktop/Tirocinio/Migliorato/TestSmellDetector/dataset/192/SnellTest.java,/mnt/c/Users/GIULIANO/Desktop/Tirocinio/Migliorato/TestSmellDetector/dataset/192/Snell.java,,,1,FALSE,FALSE,FALSE,FALSE,FALSE,FALSE,TRUE,FALSE,FALSE,FALSE,FALSE,FALSE,FALSE,FALSE,FALSE,FALSE,FALSE,FALSE,FALSE,FALSE,FALSE,FALSE
193,SnellTest74.java,/mnt/c/Users/GIULIANO/Desktop/Tirocinio/Migliorato/TestSmellDetector/dataset/193/SnellTest.java,/mnt/c/Users/GIULIANO/Desktop/Tirocinio/Migliorato/TestSmellDetector/dataset/193/Snell.java,,,1,TRUE,FALSE,FALSE,FALSE,FALSE,FALSE,TRUE,FALSE,FALSE,FALSE,FALSE,FALSE,FALSE,FALSE,FALSE,FALSE,FALSE,FALSE,TRUE,FALSE,FALSE,TRUE
193,SnellTest74.java,/mnt/c/Users/GIULIANO/Desktop/Tirocinio/Migliorato/TestSmellDetector/dataset/193/SnellTest.java,/mnt/c/Users/GIULIANO/Desktop/Tirocinio/Migliorato/TestSmellDetector/dataset/193/Snell.java,,,1,TRUE,FALSE,FALSE,FALSE,FALSE,FALSE,TRUE,FALSE,FALSE,FALSE,FALSE,FALSE,FALSE,FALSE,FALSE,FALSE,FALSE,FALSE,TRUE,FALSE,FALSE,TRUE
194,SnellTest75.java,/mnt/c/Users/GIULIANO/Desktop/Tirocinio/Migliorato/TestSmellDetector/dataset/194/SnellTest.java,/mnt/c/Users/GIULIANO/Desktop/Tirocinio/Migliorato/TestSmellDetector/dataset/194/Snell.java,,,1,FALSE,FALSE,FALSE,FALSE,FALSE,FALSE,TRUE,FALSE,FALSE,FALSE,FALSE,FALSE,FALSE,FALSE,FALSE,FALSE,FALSE,FALSE,TRUE,FALSE,TRUE,TRUE
195,SnellTest76.java,/mnt/c/Users/GIULIANO/Desktop/Tirocinio/Migliorato/TestSmellDetector/dataset/195/SnellTest.java,/mnt/c/Users/GIULIANO/Desktop/Tirocinio/Migliorato/TestSmellDetector/dataset/195/Snell.java,,,1,FALSE,FALSE,FALSE,FALSE,FALSE,FALSE,FALSE,FALSE,FALSE,FALSE,FALSE,FALSE,FALSE,FALSE,FALSE,FALSE,FALSE,FALSE,TRUE,FALSE,TRUE,TRUE
195,SnellTest76.java,/mnt/c/Users/GIULIANO/Desktop/Tirocinio/Migliorato/TestSmellDetector/dataset/195/SnellTest.java,/mnt/c/Users/GIULIANO/Desktop/Tirocinio/Migliorato/TestSmellDetector/dataset/195/Snell.java,,,1,FALSE,FALSE,FALSE,FALSE,FALSE,FALSE,FALSE,FALSE,FALSE,FALSE,FALSE,FALSE,FALSE,FALSE,FALSE,FALSE,FALSE,FALSE,TRUE,FALSE,TRUE,TRUE
196,SnellTest77.java,/mnt/c/Users/GIULIANO/Desktop/Tirocinio/Migliorato/TestSmellDetector/dataset/196/SnellTest.java,/mnt/c/Users/GIULIANO/Desktop/Tirocinio/Migliorato/TestSmellDetector/dataset/196/Snell.java,,,1,FALSE,FALSE,FALSE,FALSE,FALSE,FALSE,TRUE,FALSE,FALSE,FALSE,FALSE,FALSE,FALSE,FALSE,FALSE,FALSE,FALSE,FALSE,TRUE,FALSE,FALSE,TRUE
197,SnellTest78.java,/mnt/c/Users/GIULIANO/Desktop/Tirocinio/Migliorato/TestSmellDetector/dataset/197/SnellTest.java,/mnt/c/Users/GIULIANO/Desktop/Tirocinio/Migliorato/TestSmellDetector/dataset/197/Snell.java,,,1,FALSE,FALSE,FALSE,FALSE,FALSE,FALSE,TRUE,FALSE,FALSE,FALSE,FALSE,FALSE,FALSE,FALSE,FALSE,FALSE,FALSE,FALSE,TRUE,FALSE,FALSE,FALSE
198,SnellTest79.java,/mnt/c/Users/GIULIANO/Desktop/Tirocinio/Migliorato/TestSmellDetector/dataset/198/SnellTest.java,/mnt/c/Users/GIULIANO/Desktop/Tirocinio/Migliorato/TestSmellDetector/dataset/198/Snell.java,,,1,FALSE,FALSE,FALSE,FALSE,FALSE,FALSE,FALSE,FALSE,FALSE,FALSE,FALSE,FALSE,FALSE,FALSE,FALSE,FALSE,FALSE,FALSE,TRUE,FALSE,FALSE,FALSE
199,SnellTest80.java,/mnt/c/Users/GIULIANO/Desktop/Tirocinio/Migliorato/TestSmellDetector/dataset/199/SnellTest.java,/mnt/c/Users/GIULIANO/Desktop/Tirocinio/Migliorato/TestSmellDetector/dataset/199/Snell.java,,,1,FALSE,FALSE,FALSE,FALSE,FALSE,FALSE,TRUE,FALSE,FALSE,FALSE,FALSE,FALSE,FALSE,FALSE,FALSE,FALSE,FALSE,FALSE,FALSE,FALSE,FALSE,TRUE
200,SnellTest81.java,/mnt/c/Users/GIULIANO/Desktop/Tirocinio/Migliorato/TestSmellDetector/dataset/200/SnellTest.java,/mnt/c/Users/GIULIANO/Desktop/Tirocinio/Migliorato/TestSmellDetector/dataset/200/Snell.java,,,1,FALSE,FALSE,FALSE,FALSE,FALSE,FALSE,TRUE,FALSE,FALSE,FALSE,FALSE,FALSE,FALSE,FALSE,FALSE,FALSE,FALSE,FALSE,FALSE,FALSE,FALSE,TRUE
201,SnellTest82.java,/mnt/c/Users/GIULIANO/Desktop/Tirocinio/Migliorato/TestSmellDetector/dataset/201/SnellTest.java,/mnt/c/Users/GIULIANO/Desktop/Tirocinio/Migliorato/TestSmellDetector/dataset/201/Snell.java,,,1,FALSE,FALSE,FALSE,FALSE,FALSE,FALSE,FALSE,FALSE,FALSE,FALSE,FALSE,FALSE,FALSE,FALSE,FALSE,FALSE,FALSE,FALSE,FALSE,FALSE,FALSE,TRUE
202,SnellTest83.java,/mnt/c/Users/GIULIANO/Desktop/Tirocinio/Migliorato/TestSmellDetector/dataset/202/SnellTest.java,/mnt/c/Users/GIULIANO/Desktop/Tirocinio/Migliorato/TestSmellDetector/dataset/202/Snell.java,,,1,FALSE,FALSE,FALSE,FALSE,FALSE,FALSE,FALSE,FALSE,FALSE,FALSE,FALSE,FALSE,FALSE,FALSE,FALSE,FALSE,FALSE,FALSE,FALSE,FALSE,FALSE,TRUE
203,SnellTest84.java,/mnt/c/Users/GIULIANO/Desktop/Tirocinio/Migliorato/TestSmellDetector/dataset/203/SnellTest.java,/mnt/c/Users/GIULIANO/Desktop/Tirocinio/Migliorato/TestSmellDetector/dataset/203/Snell.java,,,1,TRUE,FALSE,FALSE,FALSE,FALSE,FALSE,TRUE,FALSE,FALSE,FALSE,FALSE,FALSE,FALSE,FALSE,FALSE,FALSE,FALSE,FALSE,TRUE,FALSE,TRUE,TRUE
204,SnellTest85.java,/mnt/c/Users/GIULIANO/Desktop/Tirocinio/Migliorato/TestSmellDetector/dataset/204/SnellTest.java,/mnt/c/Users/GIULIANO/Desktop/Tirocinio/Migliorato/TestSmellDetector/dataset/204/Snell.java,,,1,TRUE,FALSE,FALSE,FALSE,FALSE,FALSE,TRUE,FALSE,FALSE,FALSE,FALSE,FALSE,FALSE,FALSE,FALSE,FALSE,FALSE,FALSE,TRUE,FALSE,TRUE,TRUE
205,SnellTest86.java,/mnt/c/Users/GIULIANO/Desktop/Tirocinio/Migliorato/TestSmellDetector/dataset/205/SnellTest.java,/mnt/c/Users/GIULIANO/Desktop/Tirocinio/Migliorato/TestSmellDetector/dataset/205/Snell.java,,,1,TRUE,FALSE,FALSE,FALSE,FALSE,FALSE,TRUE,FALSE,FALSE,FALSE,FALSE,FALSE,FALSE,FALSE,FALSE,FALSE,FALSE,FALSE,TRUE,FALSE,TRUE,TRUE
206,SnellTest87.java,/mnt/c/Users/GIULIANO/Desktop/Tirocinio/Migliorato/TestSmellDetector/dataset/206/SnellTest.java,/mnt/c/Users/GIULIANO/Desktop/Tirocinio/Migliorato/TestSmellDetector/dataset/206/Snell.java,,,1,TRUE,FALSE,FALSE,FALSE,FALSE,FALSE,FALSE,FALSE,FALSE,FALSE,FALSE,FALSE,FALSE,FALSE,FALSE,FALSE,FALSE,FALSE,TRUE,FALSE,TRUE,TRUE
207,SnellTest88.java,/mnt/c/Users/GIULIANO/Desktop/Tirocinio/Migliorato/TestSmellDetector/dataset/207/SnellTest.java,/mnt/c/Users/GIULIANO/Desktop/Tirocinio/Migliorato/TestSmellDetector/dataset/207/Snell.java,,,1,TRUE,FALSE,FALSE,FALSE,FALSE,FALSE,TRUE,FALSE,FALSE,FALSE,FALSE,FALSE,FALSE,FALSE,FALSE,FALSE,FALSE,FALSE,TRUE,FALSE,TRUE,TRUE
208,SnellTest89.java,/mnt/c/Users/GIULIANO/Desktop/Tirocinio/Migliorato/TestSmellDetector/dataset/208/SnellTest.java,/mnt/c/Users/GIULIANO/Desktop/Tirocinio/Migliorato/TestSmellDetector/dataset/208/Snell.java,,,1,TRUE,FALSE,FALSE,FALSE,FALSE,FALSE,FALSE,FALSE,FALSE,FALSE,FALSE,FALSE,FALSE,FALSE,FALSE,FALSE,FALSE,FALSE,TRUE,FALSE,TRUE,TRUE
209,SnellTest90.java,/mnt/c/Users/GIULIANO/Desktop/Tirocinio/Migliorato/TestSmellDetector/dataset/209/SnellTest.java,/mnt/c/Users/GIULIANO/Desktop/Tirocinio/Migliorato/TestSmellDetector/dataset/209/Snell.java,,,1,TRUE,FALSE,FALSE,FALSE,FALSE,FALSE,TRUE,FALSE,FALSE,FALSE,FALSE,FALSE,FALSE,FALSE,FALSE,FALSE,FALSE,FALSE,FALSE,FALSE,FALSE,FALSE
210,SnellTest91.java,/mnt/c/Users/GIULIANO/Desktop/Tirocinio/Migliorato/TestSmellDetector/dataset/210/SnellTest.java,/mnt/c/Users/GIULIANO/Desktop/Tirocinio/Migliorato/TestSmellDetector/dataset/210/Snell.java,,,1,TRUE,FALSE,FALSE,FALSE,FALSE,FALSE,TRUE,FALSE,FALSE,FALSE,FALSE,FALSE,FALSE,FALSE,FALSE,FALSE,FALSE,FALSE,FALSE,FALSE,FALSE,TRUE
211,SnellTest92.java,/mnt/c/Users/GIULIANO/Desktop/Tirocinio/Migliorato/TestSmellDetector/dataset/211/SnellTest.java,/mnt/c/Users/GIULIANO/Desktop/Tirocinio/Migliorato/TestSmellDetector/dataset/211/Snell.java,,,1,TRUE,FALSE,FALSE,FALSE,FALSE,FALSE,TRUE,FALSE,FALSE,FALSE,FALSE,FALSE,FALSE,FALSE,FALSE,FALSE,FALSE,FALSE,FALSE,FALSE,FALSE,FALSE
212,SnellTest93.java,/mnt/c/Users/GIULIANO/Desktop/Tirocinio/Migliorato/TestSmellDetector/dataset/212/SnellTest.java,/mnt/c/Users/GIULIANO/Desktop/Tirocinio/Migliorato/TestSmellDetector/dataset/212/Snell.java,,,1,TRUE,FALSE,FALSE,FALSE,FALSE,FALSE,TRUE,FALSE,FALSE,FALSE,FALSE,FALSE,FALSE,FALSE,FALSE,FALSE,FALSE,FALSE,FALSE,FALSE,FALSE,TRUE
213,SnellTest94.java,/mnt/c/Users/GIULIANO/Desktop/Tirocinio/Migliorato/TestSmellDetector/dataset/213/SnellTest.java,/mnt/c/Users/GIULIANO/Desktop/Tirocinio/Migliorato/TestSmellDetector/dataset/213/Snell.java,,,1,TRUE,FALSE,FALSE,FALSE,FALSE,FALSE,TRUE,FALSE,FALSE,FALSE,FALSE,FALSE,FALSE,FALSE,FALSE,FALSE,FALSE,FALSE,FALSE,FALSE,FALSE,FALSE
214,SnellTest95.java,/mnt/c/Users/GIULIANO/Desktop/Tirocinio/Migliorato/TestSmellDetector/dataset/214/SnellTest.java,/mnt/c/Users/GIULIANO/Desktop/Tirocinio/Migliorato/TestSmellDetector/dataset/214/Snell.java,,,1,FALSE,FALSE,FALSE,FALSE,FALSE,FALSE,TRUE,FALSE,FALSE,FALSE,FALSE,FALSE,FALSE,FALSE,FALSE,FALSE,FALSE,FALSE,FALSE,FALSE,FALSE,TRUE
215,SnellTest95.java,/mnt/c/Users/GIULIANO/Desktop/Tirocinio/Migliorato/TestSmellDetector/dataset/215/SnellTest.java,/mnt/c/Users/GIULIANO/Desktop/Tirocinio/Migliorato/TestSmellDetector/dataset/215/Snell.java,,,1,FALSE,FALSE,FALSE,FALSE,FALSE,FALSE,TRUE,FALSE,FALSE,FALSE,FALSE,FALSE,FALSE,FALSE,FALSE,FALSE,FALSE,FALSE,FALSE,FALSE,FALSE,TRUE
216,SnellTest95.java,/mnt/c/Users/GIULIANO/Desktop/Tirocinio/Migliorato/TestSmellDetector/dataset/216/SnellTest.java,/mnt/c/Users/GIULIANO/Desktop/Tirocinio/Migliorato/TestSmellDetector/dataset/216/Snell.java,,,1,FALSE,FALSE,FALSE,FALSE,FALSE,FALSE,TRUE,FALSE,FALSE,FALSE,FALSE,FALSE,FALSE,FALSE,FALSE,FALSE,FALSE,FALSE,FALSE,FALSE,FALSE,TRUE
217,SnellTest96.java,/mnt/c/Users/GIULIANO/Desktop/Tirocinio/Migliorato/TestSmellDetector/dataset/217/SnellTest.java,/mnt/c/Users/GIULIANO/Desktop/Tirocinio/Migliorato/TestSmellDetector/dataset/217/Snell.java,,,1,FALSE,FALSE,FALSE,FALSE,FALSE,FALSE,TRUE,FALSE,FALSE,FALSE,FALSE,FALSE,FALSE,FALSE,FALSE,FALSE,FALSE,FALSE,FALSE,FALSE,FALSE,FALSE
218,SnellTest97.java,/mnt/c/Users/GIULIANO/Desktop/Tirocinio/Migliorato/TestSmellDetector/dataset/218/SnellTest.java,/mnt/c/Users/GIULIANO/Desktop/Tirocinio/Migliorato/TestSmellDetector/dataset/218/Snell.java,,,1,FALSE,FALSE,FALSE,FALSE,FALSE,FALSE,TRUE,FALSE,FALSE,FALSE,FALSE,FALSE,FALSE,FALSE,FALSE,FALSE,FALSE,FALSE,FALSE,FALSE,FALSE,TRUE
219,SnellTest98.java,/mnt/c/Users/GIULIANO/Desktop/Tirocinio/Migliorato/TestSmellDetector/dataset/219/SnellTest.java,/mnt/c/Users/GIULIANO/Desktop/Tirocinio/Migliorato/TestSmellDetector/dataset/219/Snell.java,,,1,FALSE,FALSE,FALSE,FALSE,FALSE,FALSE,TRUE,FALSE,FALSE,FALSE,FALSE,FALSE,FALSE,FALSE,FALSE,FALSE,FALSE,FALSE,FALSE,FALSE,FALSE,TRUE
220,SnellTest99.java,/mnt/c/Users/GIULIANO/Desktop/Tirocinio/Migliorato/TestSmellDetector/dataset/220/SnellTest.java,/mnt/c/Users/GIULIANO/Desktop/Tirocinio/Migliorato/TestSmellDetector/dataset/220/Snell.java,,,1,FALSE,FALSE,FALSE,FALSE,FALSE,FALSE,TRUE,FALSE,FALSE,FALSE,FALSE,FALSE,FALSE,FALSE,FALSE,FALSE,FALSE,FALSE,FALSE,FALSE,FALSE,TRUE
221,SnellTest100.java,/mnt/c/Users/GIULIANO/Desktop/Tirocinio/Migliorato/TestSmellDetector/dataset/221/SnellTest.java,/mnt/c/Users/GIULIANO/Desktop/Tirocinio/Migliorato/TestSmellDetector/dataset/221/Snell.java,,,1,FALSE,FALSE,FALSE,FALSE,FALSE,FALSE,TRUE,FALSE,FALSE,FALSE,FALSE,FALSE,FALSE,FALSE,FALSE,FALSE,FALSE,FALSE,FALSE,FALSE,FALSE,FALSE
